date,forks
2010-10-23,1
2011-03-21,2
2011-04-01,3
2011-06-28,4
2011-08-02,5
2011-08-19,6
2011-08-29,7
2011-09-04,8
2011-09-08,9
2011-09-12,10
2011-09-13,12
2011-09-14,13
2011-09-19,14
2011-09-26,15
2011-10-02,16
2011-10-18,17
2011-10-26,18
2011-11-10,19
2011-11-14,20
2011-11-17,21
2011-11-18,22
2011-11-19,23
2011-11-22,24
2011-12-02,25
2011-12-04,26
2011-12-19,27
2011-12-21,28
2011-12-23,29
2012-01-04,30
2012-01-06,32
2012-01-13,33
2012-01-15,34
2012-01-20,35
2012-01-31,37
2012-02-05,38
2012-02-06,39
2012-02-09,40
2012-02-10,44
2012-02-24,45
2012-02-27,46
2012-03-01,47
2012-03-03,48
2012-03-05,50
2012-03-07,51
2012-03-08,52
2012-03-09,53
2012-03-10,54
2012-03-11,55
2012-03-13,57
2012-03-15,58
2012-03-18,59
2012-03-22,61
2012-03-28,62
2012-04-06,63
2012-04-07,64
2012-04-17,66
2012-04-19,67
2012-04-20,68
2012-04-21,69
2012-04-25,70
2012-05-01,71
2012-05-04,72
2012-05-07,73
2012-05-08,74
2012-05-20,75
2012-05-24,76
2012-05-31,77
2012-06-01,78
2012-06-02,79
2012-06-03,80
2012-06-10,81
2012-06-11,82
2012-06-12,83
2012-06-14,84
2012-06-15,86
2012-06-16,87
2012-06-20,89
2012-06-27,90
2012-07-05,91
2012-07-06,92
2012-07-20,93
2012-07-23,94
2012-07-25,95
2012-07-29,96
2012-07-30,97
2012-08-01,98
2012-08-04,99
2012-08-06,100
2012-08-07,103
2012-08-10,104
2012-08-16,105
2012-08-19,107
2012-08-20,108
2012-08-23,110
2012-08-24,111
2012-08-25,112
2012-08-28,113
2012-08-30,114
2012-08-31,116
2012-09-02,117
2012-09-03,118
2012-09-04,119
2012-09-06,120
2012-09-09,121
2012-09-11,122
2012-09-12,124
2012-09-13,125
2012-09-15,126
2012-09-16,127
2012-09-17,128
2012-09-18,129
2012-09-27,130
2012-09-29,131
2012-09-30,132
2012-10-03,133
2012-10-04,134
2012-10-05,135
2012-10-07,136
2012-10-08,137
2012-10-09,138
2012-10-12,139
2012-10-14,141
2012-10-20,142
2012-10-22,143
2012-10-24,144
2012-10-27,145
2012-10-29,146
2012-11-01,147
2012-11-03,148
2012-11-08,149
2012-11-11,150
2012-11-14,151
2012-11-21,153
2012-11-22,155
2012-11-24,156
2012-11-25,159
2012-11-26,160
2012-11-27,161
2012-11-28,163
2012-11-29,164
2012-12-04,166
2012-12-07,167
2012-12-09,168
2012-12-10,169
2012-12-13,170
2012-12-14,171
2012-12-16,178
2012-12-17,179
2012-12-18,180
2012-12-20,181
2012-12-22,182
2012-12-29,183
2013-01-01,184
2013-01-04,185
2013-01-07,187
2013-01-10,191
2013-01-11,192
2013-01-13,196
2013-01-14,197
2013-01-17,199
2013-01-18,203
2013-01-19,204
2013-01-23,205
2013-01-28,206
2013-01-30,208
2013-02-01,209
2013-02-04,210
2013-02-07,211
2013-02-10,212
2013-02-14,213
2013-02-17,214
2013-02-19,215
2013-02-20,216
2013-02-24,217
2013-02-25,220
2013-02-26,221
2013-02-27,222
2013-03-01,224
2013-03-03,225
2013-03-04,226
2013-03-05,228
2013-03-07,229
2013-03-11,230
2013-03-12,231
2013-03-15,232
2013-03-17,233
2013-03-18,234
2013-03-19,236
2013-03-20,237
2013-03-21,238
2013-03-22,240
2013-03-25,242
2013-03-26,243
2013-03-27,244
2013-03-28,245
2013-04-01,246
2013-04-02,248
2013-04-03,249
2013-04-06,250
2013-04-07,252
2013-04-08,253
2013-04-09,254
2013-04-13,255
2013-04-15,256
2013-04-17,258
2013-04-19,259
2013-04-20,260
2013-04-22,261
2013-04-23,262
2013-04-25,264
2013-04-26,265
2013-04-29,268
2013-04-30,270
2013-05-01,271
2013-05-05,272
2013-05-06,273
2013-05-08,274
2013-05-09,275
2013-05-10,276
2013-05-14,277
2013-05-15,279
2013-05-17,280
2013-05-20,281
2013-05-21,283
2013-05-22,284
2013-05-28,285
2013-05-29,286
2013-05-31,287
2013-06-03,288
2013-06-04,289
2013-06-05,291
2013-06-06,292
2013-06-07,295
2013-06-10,296
2013-06-11,297
2013-06-13,298
2013-06-17,299
2013-06-19,300
2013-06-21,301
2013-06-22,302
2013-06-24,304
2013-06-25,305
2013-06-26,306
2013-06-29,308
2013-06-30,309
2013-07-01,310
2013-07-02,312
2013-07-05,314
2013-07-06,315
2013-07-07,316
2013-07-10,317
2013-07-13,318
2013-07-16,319
2013-07-18,320
2013-07-19,321
2013-07-21,323
2013-07-24,324
2013-07-25,325
2013-07-26,326
2013-07-27,327
2013-07-28,328
2013-07-29,329
2013-07-30,332
2013-07-31,333
2013-08-03,334
2013-08-07,335
2013-08-08,336
2013-08-13,337
2013-08-14,339
2013-08-15,342
2013-08-16,343
2013-08-17,344
2013-08-18,345
2013-08-19,347
2013-08-20,348
2013-08-21,349
2013-08-22,350
2013-08-24,351
2013-08-25,352
2013-08-26,353
2013-08-27,354
2013-08-28,355
2013-08-29,356
2013-08-30,357
2013-09-01,358
2013-09-04,359
2013-09-06,360
2013-09-08,361
2013-09-09,363
2013-09-10,364
2013-09-11,365
2013-09-12,366
2013-09-13,367
2013-09-17,369
2013-09-18,371
2013-09-22,373
2013-09-23,374
2013-09-26,375
2013-09-27,377
2013-09-28,380
2013-09-30,381
2013-10-04,382
2013-10-06,384
2013-10-08,386
2013-10-09,389
2013-10-10,391
2013-10-11,392
2013-10-14,393
2013-10-16,394
2013-10-18,396
2013-10-23,400
2013-10-25,401
2013-10-28,402
2013-10-29,403
2013-10-30,406
2013-10-31,408
2013-11-02,409
2013-11-05,412
2013-11-06,413
2013-11-07,414
2013-11-08,415
2013-11-09,417
2013-11-10,418
2013-11-12,421
2013-11-13,423
2013-11-14,426
2013-11-15,427
2013-11-16,428
2013-11-17,429
2013-11-19,434
2013-11-22,436
2013-11-23,437
2013-11-25,439
2013-11-27,440
2013-11-28,441
2013-11-29,444
2013-12-01,445
2013-12-02,447
2013-12-03,451
2013-12-04,453
2013-12-06,454
2013-12-10,456
2013-12-12,459
2013-12-13,462
2013-12-17,463
2013-12-18,465
2013-12-19,466
2013-12-23,468
2013-12-31,470
2014-01-05,471
2014-01-07,473
2014-01-08,474
2014-01-09,475
2014-01-10,476
2014-01-11,477
2014-01-13,479
2014-01-16,483
2014-01-17,484
2014-01-18,485
2014-01-20,487
2014-01-22,489
2014-01-23,491
2014-01-24,492
2014-01-26,494
2014-01-27,496
2014-01-29,497
2014-01-30,498
2014-01-31,500
2014-02-01,501
2014-02-05,502
2014-02-06,503
2014-02-07,504
2014-02-08,506
2014-02-09,508
2014-02-10,511
2014-02-11,512
2014-02-12,515
2014-02-15,517
2014-02-17,519
2014-02-18,522
2014-02-19,523
2014-02-20,524
2014-02-21,526
2014-02-25,527
2014-02-26,528
2014-02-27,533
2014-02-28,535
2014-03-02,536
2014-03-03,537
2014-03-04,538
2014-03-05,541
2014-03-09,542
2014-03-10,543
2014-03-12,544
2014-03-14,545
2014-03-16,547
2014-03-17,548
2014-03-18,549
2014-03-19,551
2014-03-20,553
2014-03-22,554
2014-03-24,555
2014-03-25,558
2014-03-26,560
2014-03-28,561
2014-04-01,562
2014-04-02,563
2014-04-03,564
2014-04-04,565
2014-04-06,567
2014-04-07,569
2014-04-12,572
2014-04-13,573
2014-04-14,574
2014-04-15,576
2014-04-16,577
2014-04-17,582
2014-04-18,583
2014-04-22,584
2014-04-23,585
2014-04-24,586
2014-04-27,588
2014-04-30,589
2014-05-01,592
2014-05-07,593
2014-05-08,594
2014-05-09,596
2014-05-10,597
2014-05-11,599
2014-05-12,600
2014-05-14,602
2014-05-16,603
2014-05-19,604
2014-05-20,605
2014-05-21,606
2014-05-22,607
2014-05-23,608
2014-05-24,609
2014-05-26,610
2014-05-27,612
2014-05-28,615
2014-05-29,617
2014-05-30,618
2014-05-31,620
2014-06-03,621
2014-06-05,622
2014-06-06,623
2014-06-09,625
2014-06-10,627
2014-06-11,629
2014-06-12,631
2014-06-13,632
2014-06-15,633
2014-06-16,634
2014-06-18,637
2014-06-19,639
2014-06-20,640
2014-06-21,641
2014-06-22,644
2014-06-23,645
2014-06-24,646
2014-06-25,648
2014-06-27,649
2014-06-28,650
2014-06-29,651
2014-06-30,652
2014-07-01,653
2014-07-02,656
2014-07-03,657
2014-07-04,660
2014-07-05,662
2014-07-08,664
2014-07-09,665
2014-07-10,666
2014-07-11,667
2014-07-12,669
2014-07-14,670
2014-07-15,672
2014-07-16,676
2014-07-17,677
2014-07-18,678
2014-07-19,679
2014-07-20,682
2014-07-21,683
2014-07-22,684
2014-07-23,685
2014-07-24,688
2014-07-25,689
2014-07-26,692
2014-07-27,695
2014-07-28,696
2014-07-30,697
2014-08-01,699
2014-08-02,701
2014-08-04,703
2014-08-06,704
2014-08-07,705
2014-08-08,706
2014-08-09,708
2014-08-10,709
2014-08-11,710
2014-08-12,713
2014-08-14,714
2014-08-15,715
2014-08-16,716
2014-08-18,718
2014-08-19,719
2014-08-20,720
2014-08-21,721
2014-08-22,722
2014-08-24,723
2014-08-27,724
2014-08-28,725
2014-08-29,726
2014-09-01,727
2014-09-02,730
2014-09-03,731
2014-09-05,732
2014-09-06,733
2014-09-08,734
2014-09-09,738
2014-09-11,739
2014-09-12,741
2014-09-13,743
2014-09-14,745
2014-09-15,747
2014-09-16,749
2014-09-17,753
2014-09-18,754
2014-09-19,757
2014-09-22,758
2014-09-23,761
2014-09-24,765
2014-09-25,766
2014-09-26,767
2014-09-27,775
2014-09-28,777
2014-09-30,781
2014-10-01,784
2014-10-03,785
2014-10-04,788
2014-10-06,789
2014-10-07,791
2014-10-08,792
2014-10-09,795
2014-10-10,797
2014-10-14,798
2014-10-16,799
2014-10-17,802
2014-10-19,803
2014-10-20,806
2014-10-21,807
2014-10-22,811
2014-10-23,813
2014-10-24,815
2014-10-29,816
2014-10-31,819
2014-11-02,820
2014-11-03,821
2014-11-04,823
2014-11-05,824
2014-11-06,827
2014-11-07,830
2014-11-08,833
2014-11-10,835
2014-11-11,838
2014-11-13,840
2014-11-14,842
2014-11-15,843
2014-11-17,846
2014-11-18,847
2014-11-19,850
2014-11-23,851
2014-11-24,854
2014-11-25,856
2014-11-26,858
2014-11-27,861
2014-11-28,863
2014-11-29,870
2014-11-30,871
2014-12-01,873
2014-12-03,874
2014-12-04,875
2014-12-05,879
2014-12-06,880
2014-12-08,881
2014-12-11,882
2014-12-12,884
2014-12-14,885
2014-12-15,888
2014-12-16,889
2014-12-17,891
2014-12-18,892
2014-12-19,893
2014-12-21,895
2014-12-22,897
2014-12-24,899
2014-12-25,900
2014-12-27,902
2014-12-28,904
2014-12-30,905
2014-12-31,907
2015-01-02,908
2015-01-04,909
2015-01-06,910
2015-01-07,911
2015-01-08,912
2015-01-09,913
2015-01-11,914
2015-01-12,915
2015-01-14,916
2015-01-15,920
2015-01-16,921
2015-01-17,922
2015-01-18,923
2015-01-19,925
2015-01-20,926
2015-01-21,930
2015-01-22,933
2015-01-23,937
2015-01-25,940
2015-01-26,944
2015-01-28,946
2015-01-29,947
2015-01-30,948
2015-02-01,949
2015-02-02,950
2015-02-03,954
2015-02-05,957
2015-02-06,958
2015-02-08,963
2015-02-09,965
2015-02-10,966
2015-02-12,967
2015-02-13,969
2015-02-15,970
2015-02-16,971
2015-02-18,973
2015-02-20,975
2015-02-21,976
2015-02-22,977
2015-02-23,978
2015-02-24,982
2015-02-25,988
2015-02-26,989
2015-03-01,991
2015-03-02,993
2015-03-03,997
2015-03-05,998
2015-03-06,999
2015-03-09,1004
2015-03-10,1005
2015-03-11,1007
2015-03-12,1009
2015-03-13,1013
2015-03-14,1015
2015-03-15,1017
2015-03-17,1019
2015-03-18,1020
2015-03-19,1022
2015-03-20,1023
2015-03-21,1025
2015-03-22,1027
2015-03-23,1030
2015-03-24,1032
2015-03-25,1033
2015-03-27,1034
2015-03-28,1035
2015-03-30,1037
2015-04-01,1040
2015-04-02,1045
2015-04-04,1048
2015-04-05,1052
2015-04-06,1054
2015-04-07,1056
2015-04-08,1057
2015-04-09,1060
2015-04-10,1062
2015-04-12,1065
2015-04-13,1079
2015-04-14,1084
2015-04-15,1086
2015-04-16,1089
2015-04-19,1091
2015-04-20,1093
2015-04-21,1094
2015-04-22,1096
2015-04-23,1100
2015-04-24,1103
2015-04-25,1104
2015-04-26,1105
2015-04-27,1108
2015-04-29,1111
2015-05-01,1114
2015-05-03,1115
2015-05-04,1116
2015-05-05,1117
2015-05-07,1120
2015-05-08,1124
2015-05-09,1126
2015-05-11,1127
2015-05-12,1129
2015-05-13,1130
2015-05-14,1132
2015-05-16,1133
2015-05-18,1135
2015-05-19,1137
2015-05-20,1139
2015-05-21,1141
2015-05-22,1142
2015-05-23,1143
2015-05-25,1145
2015-05-26,1148
2015-05-27,1150
2015-05-28,1151
2015-05-29,1155
2015-05-30,1156
2015-05-31,1158
2015-06-01,1162
2015-06-02,1164
2015-06-04,1166
2015-06-05,1169
2015-06-07,1170
2015-06-08,1173
2015-06-09,1175
2015-06-10,1178
2015-06-11,1179
2015-06-12,1180
2015-06-13,1182
2015-06-14,1184
2015-06-15,1187
2015-06-16,1188
2015-06-17,1192
2015-06-18,1193
2015-06-23,1194
2015-06-24,1198
2015-06-25,1200
2015-06-26,1201
2015-06-27,1202
2015-06-28,1203
2015-06-29,1209
2015-07-01,1213
2015-07-02,1214
2015-07-04,1215
2015-07-05,1216
2015-07-06,1217
2015-07-07,1219
2015-07-08,1220
2015-07-09,1221
2015-07-10,1223
2015-07-11,1225
2015-07-12,1226
2015-07-13,1229
2015-07-14,1230
2015-07-15,1231
2015-07-16,1233
2015-07-18,1239
2015-07-19,1241
2015-07-20,1242
2015-07-22,1245
2015-07-23,1246
2015-07-24,1247
2015-07-25,1248
2015-07-26,1250
2015-07-29,1253
2015-07-31,1255
2015-08-01,1257
2015-08-03,1261
2015-08-04,1264
2015-08-05,1267
2015-08-07,1268
2015-08-08,1269
2015-08-09,1271
2015-08-10,1272
2015-08-11,1275
2015-08-12,1278
2015-08-13,1281
2015-08-15,1282
2015-08-17,1283
2015-08-18,1289
2015-08-19,1292
2015-08-20,1294
2015-08-21,1296
2015-08-24,1298
2015-08-25,1301
2015-08-26,1303
2015-08-27,1305
2015-08-29,1308
2015-08-30,1311
2015-08-31,1313
2015-09-01,1315
2015-09-03,1317
2015-09-04,1318
2015-09-05,1319
2015-09-07,1321
2015-09-08,1325
2015-09-09,1328
2015-09-10,1331
2015-09-11,1336
2015-09-12,1338
2015-09-14,1339
2015-09-15,1341
2015-09-16,1342
2015-09-17,1347
2015-09-18,1349
2015-09-19,1350
2015-09-20,1352
2015-09-21,1356
2015-09-22,1359
2015-09-23,1361
2015-09-24,1362
2015-09-25,1363
2015-09-27,1364
2015-09-28,1366
2015-09-29,1369
2015-09-30,1371
2015-10-01,1372
2015-10-02,1373
2015-10-03,1374
2015-10-05,1378
2015-10-06,1379
2015-10-07,1382
2015-10-08,1385
2015-10-09,1390
2015-10-10,1392
2015-10-12,1404
2015-10-13,1410
2015-10-14,1413
2015-10-15,1415
2015-10-16,1416
2015-10-17,1418
2015-10-18,1419
2015-10-19,1423
2015-10-20,1424
2015-10-21,1428
2015-10-22,1431
2015-10-23,1432
2015-10-24,1434
2015-10-27,1439
2015-10-28,1446
2015-10-29,1449
2015-10-30,1452
2015-10-31,1453
2015-11-01,1454
2015-11-04,1457
2015-11-05,1461
2015-11-06,1462
2015-11-07,1465
2015-11-09,1466
2015-11-11,1468
2015-11-13,1470
2015-11-14,1472
2015-11-15,1473
2015-11-16,1474
2015-11-17,1478
2015-11-18,1483
2015-11-19,1485
2015-11-20,1486
2015-11-21,1488
2015-11-22,1489
2015-11-23,1491
2015-11-24,1492
2015-11-25,1493
2015-11-26,1494
2015-11-27,1496
2015-11-28,1498
2015-11-29,1499
2015-11-30,1501
2015-12-01,1507
2015-12-02,1509
2015-12-04,1511
2015-12-06,1512
2015-12-08,1518
2015-12-09,1520
2015-12-10,1522
2015-12-11,1523
2015-12-12,1524
2015-12-13,1526
2015-12-14,1527
2015-12-18,1529
2015-12-20,1530
2015-12-21,1532
2015-12-22,1534
2015-12-25,1535
2015-12-29,1536
2015-12-30,1539
2015-12-31,1540
2016-01-01,1541
2016-01-02,1543
2016-01-05,1545
2016-01-06,1548
2016-01-07,1550
2016-01-08,1553
2016-01-09,1554
2016-01-11,1557
2016-01-12,1558
2016-01-14,1560
2016-01-15,1563
2016-01-16,1565
2016-01-17,1566
2016-01-18,1569
2016-01-19,1573
2016-01-20,1577
2016-01-21,1581
2016-01-25,1585
2016-01-27,1591
2016-01-28,1594
2016-01-29,1597
2016-01-30,1598
2016-02-01,1603
2016-02-02,1605
2016-02-03,1606
2016-02-04,1608
2016-02-05,1610
2016-02-06,1611
2016-02-07,1612
2016-02-08,1614
2016-02-09,1617
2016-02-10,1618
2016-02-12,1619
2016-02-13,1621
2016-02-14,1623
2016-02-17,1628
2016-02-18,1631
2016-02-19,1633
2016-02-20,1636
2016-02-21,1637
2016-02-22,1639
2016-02-23,1645
2016-02-24,1649
2016-02-25,1659
2016-02-26,1665
2016-02-27,1666
2016-02-28,1668
2016-02-29,1671
2016-03-01,1676
2016-03-02,1678
2016-03-03,1683
2016-03-04,1684
2016-03-07,1685
2016-03-08,1688
2016-03-09,1691
2016-03-11,1698
2016-03-12,1700
2016-03-13,1701
2016-03-14,1706
2016-03-15,1711
2016-03-16,1714
2016-03-17,1715
2016-03-18,1716
2016-03-19,1718
2016-03-20,1720
2016-03-21,1724
2016-03-22,1728
2016-03-23,1732
2016-03-24,1737
2016-03-25,1738
2016-03-26,1740
2016-03-27,1741
2016-03-29,1746
2016-04-02,1747
2016-04-03,1749
2016-04-04,1751
2016-04-05,1756
2016-04-07,1758
2016-04-08,1759
2016-04-09,1760
2016-04-10,1761
2016-04-11,1763
2016-04-12,1769
2016-04-13,1770
2016-04-14,1774
2016-04-15,1776
2016-04-18,1777
2016-04-19,1780
2016-04-20,1785
2016-04-22,1788
2016-04-23,1792
2016-04-24,1794
2016-04-25,1796
2016-04-26,1799
2016-04-27,1803
2016-04-28,1807
2016-04-29,1811
2016-04-30,1813
2016-05-02,1818
2016-05-03,1820
2016-05-04,1822
2016-05-05,1824
2016-05-06,1826
2016-05-07,1829
2016-05-08,1830
2016-05-10,1832
2016-05-11,1836
2016-05-12,1837
2016-05-13,1838
2016-05-14,1840
2016-05-15,1841
2016-05-16,1842
2016-05-17,1847
2016-05-18,1851
2016-05-19,1854
2016-05-20,1856
2016-05-21,1859
2016-05-22,1861
2016-05-24,1863
2016-05-25,1866
2016-05-26,1868
2016-05-27,1869
2016-05-28,1871
2016-05-30,1873
2016-05-31,1875
2016-06-01,1878
2016-06-02,1882
2016-06-03,1888
2016-06-04,1894
2016-06-05,1896
2016-06-06,1898
2016-06-07,1900
2016-06-08,1903
2016-06-10,1907
2016-06-11,1909
2016-06-12,1912
2016-06-13,1916
2016-06-14,1917
2016-06-15,1919
2016-06-16,1923
2016-06-17,1924
2016-06-18,1926
2016-06-19,1927
2016-06-21,1928
2016-06-22,1931
2016-06-23,1936
2016-06-24,1938
2016-06-25,1940
2016-06-26,1945
2016-06-27,1947
2016-06-28,1948
2016-06-29,1953
2016-06-30,1955
2016-07-01,1957
2016-07-02,1958
2016-07-03,1960
2016-07-04,1963
2016-07-05,1966
2016-07-06,1969
2016-07-07,1970
2016-07-08,1972
2016-07-09,1974
2016-07-10,1976
2016-07-11,1979
2016-07-12,1981
2016-07-13,1982
2016-07-14,1986
2016-07-15,1987
2016-07-16,1991
2016-07-17,1993
2016-07-18,1994
2016-07-20,1997
2016-07-21,1999
2016-07-22,2000
2016-07-25,2005
2016-07-26,2010
2016-07-27,2011
2016-07-29,2013
2016-07-30,2014
2016-07-31,2016
2016-08-01,2019
2016-08-02,2023
2016-08-03,2024
2016-08-04,2026
2016-08-05,2031
2016-08-06,2033
2016-08-07,2034
2016-08-08,2036
2016-08-11,2037
2016-08-12,2041
2016-08-14,2045
2016-08-15,2050
2016-08-16,2053
2016-08-17,2055
2016-08-18,2056
2016-08-19,2061
2016-08-20,2062
2016-08-21,2065
2016-08-22,2067
2016-08-24,2069
2016-08-25,2071
2016-08-26,2076
2016-08-27,2077
2016-08-28,2080
2016-08-29,2081
2016-08-30,2082
2016-08-31,2083
2016-09-01,2084
2016-09-02,2086
2016-09-03,2087
2016-09-04,2088
2016-09-05,2093
2016-09-06,2096
2016-09-07,2100
2016-09-08,2101
2016-09-12,2105
2016-09-13,2108
2016-09-14,2109
2016-09-15,2110
2016-09-17,2112
2016-09-20,2113
2016-09-21,2115
2016-09-23,2116
2016-09-24,2117
2016-09-25,2118
2016-09-26,2120
2016-09-27,2121
2016-09-28,2122
2016-09-29,2127
2016-09-30,2128
2016-10-01,2129
2016-10-02,2132
2016-10-04,2136
2016-10-05,2137
2016-10-06,2140
2016-10-07,2141
2016-10-08,2142
2016-10-09,2145
2016-10-10,2149
2016-10-12,2154
2016-10-13,2158
2016-10-14,2159
2016-10-15,2161
2016-10-16,2162
2016-10-17,2164
2016-10-18,2169
2016-10-19,2174
2016-10-20,2177
2016-10-21,2180
2016-10-22,2184
2016-10-24,2187
2016-10-26,2195
2016-10-27,2198
2016-10-28,2203
2016-10-29,2205
2016-10-30,2207
2016-10-31,2208
2016-11-01,2213
2016-11-02,2218
2016-11-03,2223
2016-11-04,2229
2016-11-06,2230
2016-11-07,2233
2016-11-08,2236
2016-11-09,2242
2016-11-10,2247
2016-11-11,2248
2016-11-12,2249
2016-11-13,2251
2016-11-14,2256
2016-11-15,2260
2016-11-16,2262
2016-11-17,2265
2016-11-18,2267
2016-11-19,2269
2016-11-20,2271
2016-11-21,2274
2016-11-22,2282
2016-11-23,2285
2016-11-24,2288
2016-11-25,2292
2016-11-26,2293
2016-11-27,2295
2016-11-28,2297
2016-11-29,2301
2016-11-30,2303
2016-12-01,2306
2016-12-02,2310
2016-12-03,2313
2016-12-06,2314
2016-12-07,2317
2016-12-08,2320
2016-12-09,2321
2016-12-10,2322
2016-12-11,2323
2016-12-12,2329
2016-12-13,2331
2016-12-14,2332
2016-12-15,2333
2016-12-16,2334
2016-12-17,2336
2016-12-18,2339
2016-12-19,2341
2016-12-20,2346
2016-12-21,2350
2016-12-22,2352
2016-12-23,2354
2016-12-24,2356
2016-12-26,2357
2016-12-27,2359
2016-12-28,2362
2016-12-29,2363
2016-12-30,2371
2016-12-31,2376
2017-01-01,2383
2017-01-02,2390
2017-01-03,2395
2017-01-04,2399
2017-01-05,2402
2017-01-06,2404
2017-01-07,2407
2017-01-08,2410
2017-01-09,2413
2017-01-10,2416
2017-01-11,2419
2017-01-12,2425
2017-01-13,2426
2017-01-14,2427
2017-01-16,2432
2017-01-17,2433
2017-01-18,2434
2017-01-19,2442
2017-01-20,2448
2017-01-21,2450
2017-01-22,2453
2017-01-23,2458
2017-01-24,2460
2017-01-25,2466
2017-01-26,2468
2017-01-27,2469
2017-01-28,2473
2017-01-29,2474
2017-01-30,2477
2017-01-31,2482
2017-02-01,2484
2017-02-02,2489
2017-02-03,2493
2017-02-04,2494
2017-02-05,2497
2017-02-06,2500
2017-02-07,2504
2017-02-08,2508
2017-02-09,2518
2017-02-10,2520
2017-02-11,2521
2017-02-12,2522
2017-02-13,2526
2017-02-14,2532
2017-02-15,2535
2017-02-16,2540
2017-02-17,2545
2017-02-18,2547
2017-02-19,2549
2017-02-20,2550
2017-02-21,2553
2017-02-22,2556
2017-02-23,2561
2017-02-24,2565
2017-02-25,2575
2017-02-27,2577
2017-02-28,2580
2017-03-01,2587
2017-03-02,2591
2017-03-03,2596
2017-03-04,2601
2017-03-05,2603
2017-03-06,2606
2017-03-07,2612
2017-03-08,2618
2017-03-09,2621
2017-03-10,2626
2017-03-11,2628
2017-03-12,2629
2017-03-13,2634
2017-03-14,2640
2017-03-15,2644
2017-03-16,2647
2017-03-17,2655
2017-03-18,2656
2017-03-19,2659
2017-03-20,2662
2017-03-21,2666
2017-03-22,2670
2017-03-23,2676
2017-03-24,2680
2017-03-25,2685
2017-03-26,2688
2017-03-27,2690
2017-03-28,2693
2017-03-29,2696
2017-03-30,2701
2017-03-31,2705
2017-04-01,2707
2017-04-02,2711
2017-04-04,2714
2017-04-06,2720
2017-04-07,2722
2017-04-08,2726
2017-04-09,2730
2017-04-10,2732
2017-04-11,2737
2017-04-12,2741
2017-04-13,2744
2017-04-14,2748
2017-04-15,2750
2017-04-16,2752
2017-04-17,2754
2017-04-18,2757
2017-04-19,2760
2017-04-20,2764
2017-04-21,2766
2017-04-22,2768
2017-04-23,2769
2017-04-24,2772
2017-04-25,2775
2017-04-26,2777
2017-04-27,2780
2017-04-28,2785
2017-04-29,2791
2017-05-01,2794
2017-05-03,2798
2017-05-04,2801
2017-05-05,2804
2017-05-06,2810
2017-05-08,2815
2017-05-09,2818
2017-05-10,2822
2017-05-11,2826
2017-05-12,2829
2017-05-13,2833
2017-05-14,2834
2017-05-15,2838
2017-05-16,2844
2017-05-17,2847
2017-05-18,2853
2017-05-19,2854
2017-05-20,2856
2017-05-21,2857
2017-05-22,2883
2017-05-23,2886
2017-05-24,2890
2017-05-25,2894
2017-05-26,2898
2017-05-27,2902
2017-05-28,2903
2017-05-29,2908
2017-05-30,2913
2017-05-31,2914
2017-06-01,2919
2017-06-02,2920
2017-06-03,2924
2017-06-04,2925
2017-06-05,2929
2017-06-06,2932
2017-06-07,2936
2017-06-08,2940
2017-06-09,2944
2017-06-11,2945
2017-06-12,2954
2017-06-13,2956
2017-06-14,2957
2017-06-15,2960
2017-06-16,2961
2017-06-19,2962
2017-06-20,2964
2017-06-21,2969
2017-06-22,2972
2017-06-24,2974
2017-06-25,2977
2017-06-26,2979
2017-06-28,2986
2017-06-29,2988
2017-07-01,2991
2017-07-04,2992
2017-07-05,2994
2017-07-06,3001
2017-07-07,3004
2017-07-08,3006
2017-07-09,3011
2017-07-10,3012
2017-07-11,3025
2017-07-12,3027
2017-07-13,3034
2017-07-14,3041
2017-07-15,3073
2017-07-16,3077
2017-07-17,3080
2017-07-18,3083
2017-07-19,3085
2017-07-20,3089
2017-07-21,3094
2017-07-22,3096
2017-07-23,3098
2017-07-24,3101
2017-07-25,3104
2017-07-26,3108
2017-07-27,3114
2017-07-28,3117
2017-07-29,3119
2017-07-30,3121
2017-07-31,3123
2017-08-01,3130
2017-08-02,3136
2017-08-03,3140
2017-08-04,3142
2017-08-05,3144
2017-08-06,3148
2017-08-08,3152
2017-08-09,3156
2017-08-10,3161
2017-08-11,3168
2017-08-12,3170
2017-08-13,3177
2017-08-14,3184
2017-08-15,3188
2017-08-16,3189
2017-08-17,3192
2017-08-18,3194
2017-08-19,3195
2017-08-20,3196
2017-08-21,3200
2017-08-22,3205
2017-08-23,3208
2017-08-24,3221
2017-08-25,3225
2017-08-26,3228
2017-08-27,3229
2017-08-28,3231
2017-08-30,3237
2017-08-31,3240
2017-09-01,3248
2017-09-02,3249
2017-09-03,3250
2017-09-04,3254
2017-09-05,3256
2017-09-06,3259
2017-09-07,3265
2017-09-09,3266
2017-09-10,3267
2017-09-11,3268
2017-09-12,3276
2017-09-13,3278
2017-09-14,3281
2017-09-15,3284
2017-09-16,3289
2017-09-17,3290
2017-09-18,3292
2017-09-19,3296
2017-09-20,3297
2017-09-21,3301
2017-09-22,3303
2017-09-23,3306
2017-09-24,3308
2017-09-25,3314
2017-09-26,3317
2017-09-27,3321
2017-09-28,3323
2017-09-29,3328
2017-09-30,3330
2017-10-01,3333
2017-10-02,3337
2017-10-03,3342
2017-10-04,3350
2017-10-05,3353
2017-10-06,3356
2017-10-07,3361
2017-10-08,3364
2017-10-09,3366
2017-10-10,3370
2017-10-11,3378
2017-10-12,3381
2017-10-13,3389
2017-10-14,3392
2017-10-15,3394
2017-10-16,3396
2017-10-17,3397
2017-10-18,3402
2017-10-19,3409
2017-10-20,3415
2017-10-21,3421
2017-10-23,3433
2017-10-24,3434
2017-10-25,3436
2017-10-26,3440
2017-10-27,3443
2017-10-28,3446
2017-10-29,3447
2017-10-30,3450
2017-10-31,3455
2017-11-01,3456
2017-11-02,3459
2017-11-03,3460
2017-11-04,3463
2017-11-05,3466
2017-11-06,3472
2017-11-07,3476
2017-11-08,3482
2017-11-09,3489
2017-11-10,3497
2017-11-11,3501
2017-11-12,3503
2017-11-13,3510
2017-11-14,3519
2017-11-15,3522
2017-11-16,3525
2017-11-17,3529
2017-11-18,3531
2017-11-19,3535
2017-11-20,3542
2017-11-21,3545
2017-11-22,3548
2017-11-23,3549
2017-11-24,3552
2017-11-25,3555
2017-11-26,3556
2017-11-27,3559
2017-11-28,3561
2017-11-29,3566
2017-11-30,3568
2017-12-01,3575
2017-12-02,3577
2017-12-03,3581
2017-12-04,3588
2017-12-05,3594
2017-12-06,3597
2017-12-07,3602
2017-12-08,3604
2017-12-09,3607
2017-12-10,3612
2017-12-11,3616
2017-12-12,3623
2017-12-13,3628
2017-12-14,3634
2017-12-15,3639
2017-12-16,3645
2017-12-17,3646
2017-12-18,3648
2017-12-19,3649
2017-12-20,3650
2017-12-21,3656
2017-12-22,3658
2017-12-23,3659
2017-12-24,3662
2017-12-25,3663
2017-12-26,3667
2017-12-27,3671
2017-12-28,3679
2017-12-29,3683
2017-12-30,3688
2017-12-31,3690
2018-01-01,3696
2018-01-02,3698
2018-01-03,3704
2018-01-04,3706
2018-01-05,3710
2018-01-06,3711
2018-01-08,3714
2018-01-09,3721
2018-01-10,3724
2018-01-11,3728
2018-01-12,3730
2018-01-13,3733
2018-01-14,3735
2018-01-15,3739
2018-01-16,3741
2018-01-17,3743
2018-01-18,3749
2018-01-19,3755
2018-01-20,3759
2018-01-21,3762
2018-01-22,3763
2018-01-23,3771
2018-01-24,3778
2018-01-25,3784
2018-01-26,3791
2018-01-27,3795
2018-01-28,3798
2018-01-29,3803
2018-01-30,3810
2018-01-31,3816
2018-02-01,3818
2018-02-02,3823
2018-02-04,3830
2018-02-05,3834
2018-02-06,3840
2018-02-07,3842
2018-02-08,3847
2018-02-09,3851
2018-02-10,3852
2018-02-11,3855
2018-02-12,3858
2018-02-13,3867
2018-02-14,3870
2018-02-15,3873
2018-02-16,3876
2018-02-17,3878
2018-02-18,3880
2018-02-19,3885
2018-02-20,3893
2018-02-21,3899
2018-02-22,3902
2018-02-23,3908
2018-02-24,3913
2018-02-25,3917
2018-02-26,3921
2018-02-27,3928
2018-02-28,3935
2018-03-01,3937
2018-03-02,3940
2018-03-03,3949
2018-03-04,3957
2018-03-05,3963
2018-03-06,3974
2018-03-07,3983
2018-03-08,3996
2018-03-09,4055
2018-03-10,4233
2018-03-11,4239
2018-03-12,4245
2018-03-13,4251
2018-03-14,4255
2018-03-15,4257
2018-03-16,4261
2018-03-17,4265
2018-03-18,4273
2018-03-19,4280
2018-03-20,4290
2018-03-21,4296
2018-03-22,4304
2018-03-23,4311
2018-03-24,4314
2018-03-25,4315
2018-03-26,4316
2018-03-27,4324
2018-03-28,4332
2018-03-29,4338
2018-03-30,4342
2018-03-31,4344
2018-04-01,4347
2018-04-02,4350
2018-04-03,4354
2018-04-04,4361
2018-04-05,4363
2018-04-06,4367
2018-04-07,4373
2018-04-08,4376
2018-04-09,4382
2018-04-10,4390
2018-04-11,4395
2018-04-12,4396
2018-04-13,4403
2018-04-14,4407
2018-04-16,4413
2018-04-17,4419
2018-04-18,4425
2018-04-19,4429
2018-04-20,4432
2018-04-21,4439
2018-04-22,4442
2018-04-23,4445
2018-04-24,4451
2018-04-25,4455
2018-04-26,4457
2018-04-27,4462
2018-04-28,4464
2018-04-29,4478
2018-04-30,4486
2018-05-01,4502
2018-05-02,4509
2018-05-03,4512
2018-05-04,4514
2018-05-05,4516
2018-05-06,4519
2018-05-07,4522
2018-05-08,4524
2018-05-09,4532
2018-05-10,4538
2018-05-11,4542
2018-05-12,4543
2018-05-13,4548
2018-05-14,4563
2018-05-15,4570
2018-05-16,4578
2018-05-17,4585
2018-05-18,4590
2018-05-19,4593
2018-05-20,4594
2018-05-21,4605
2018-05-22,4610
2018-05-23,4618
2018-05-24,4623
2018-05-25,4626
2018-05-26,4627
2018-05-27,4628
2018-05-28,4633
2018-05-29,4638
2018-05-30,4643
2018-05-31,4646
2018-06-01,4650
2018-06-02,4654
2018-06-04,4662
2018-06-05,4667
2018-06-06,4670
2018-06-07,4678
2018-06-08,4683
2018-06-09,4688
2018-06-10,4693
2018-06-11,4699
2018-06-12,4700
2018-06-13,4701
2018-06-14,4708
2018-06-15,4710
2018-06-16,4713
2018-06-17,4714
2018-06-18,4717
2018-06-19,4723
2018-06-20,4729
2018-06-21,4730
2018-06-22,4736
2018-06-23,4739
2018-06-24,4740
2018-06-25,4748
2018-06-26,4751
2018-06-27,4755
2018-06-28,4759
2018-06-29,4764
2018-07-01,4767
2018-07-02,4771
2018-07-03,4773
2018-07-04,4777
2018-07-05,4779
2018-07-06,4784
2018-07-07,4789
2018-07-08,4792
2018-07-09,4795
2018-07-10,4805
2018-07-11,4812
2018-07-12,4816
2018-07-13,4819
2018-07-14,4830
2018-07-15,4835
2018-07-16,4841
2018-07-17,4849
2018-07-18,4852
2018-07-19,4860
2018-07-20,4864
2018-07-21,4869
2018-07-22,4872
2018-07-23,4875
2018-07-24,4881
2018-07-25,4885
2018-07-26,4891
2018-07-27,4895
2018-07-28,4904
2018-07-29,4906
2018-07-30,4917
2018-07-31,4920
2018-08-01,4929
2018-08-02,4943
2018-08-03,4945
2018-08-04,4947
2018-08-05,4952
2018-08-06,4957
2018-08-07,4963
2018-08-08,4968
2018-08-09,4974
2018-08-10,4978
2018-08-11,4983
2018-08-12,4986
2018-08-13,4993
2018-08-14,5006
2018-08-15,5014
2018-08-16,5017
2018-08-17,5027
2018-08-18,5029
2018-08-19,5032
2018-08-20,5034
2018-08-21,5037
2018-08-22,5045
2018-08-23,5051
2018-08-24,5056
2018-08-25,5060
2018-08-26,5064
2018-08-27,5069
2018-08-28,5072
2018-08-29,5077
2018-08-30,5084
2018-08-31,5089
2018-09-01,5096
2018-09-02,5101
2018-09-03,5109
2018-09-05,5112
2018-09-06,5117
2018-09-07,5121
2018-09-08,5124
2018-09-09,5125
2018-09-10,5130
2018-09-11,5135
2018-09-12,5136
2018-09-13,5145
2018-09-15,5146
2018-09-16,5149
2018-09-17,5160
2018-09-18,5169
2018-09-19,5170
2018-09-20,5177
2018-09-21,5180
2018-09-22,5185
2018-09-23,5192
2018-09-24,5195
2018-09-25,5197
2018-09-26,5203
2018-09-27,5204
2018-09-28,5207
2018-09-29,5215
2018-09-30,5218
2018-10-01,5226
2018-10-02,5235
2018-10-03,5243
2018-10-04,5250
2018-10-05,5254
2018-10-06,5259
2018-10-07,5263
2018-10-08,5278
2018-10-09,5286
2018-10-10,5293
2018-10-11,5305
2018-10-12,5312
2018-10-13,5320
2018-10-14,5323
2018-10-15,5327
2018-10-16,5332
2018-10-17,5340
2018-10-18,5341
2018-10-19,5347
2018-10-20,5351
2018-10-21,5362
2018-10-22,5367
2018-10-23,5370
2018-10-24,5373
2018-10-25,5379
2018-10-26,5383
2018-10-27,5387
2018-10-28,5390
2018-10-29,5397
2018-10-30,5407
2018-10-31,5411
2018-11-01,5416
2018-11-02,5420
2018-11-04,5426
2018-11-05,5428
2018-11-06,5430
2018-11-07,5435
2018-11-08,5439
2018-11-09,5446
2018-11-10,5450
2018-11-11,5453
2018-11-12,5464
2018-11-13,5472
2018-11-14,5481
2018-11-15,5482
2018-11-16,5485
2018-11-17,5491
2018-11-18,5495
2018-11-19,5500
2018-11-20,5505
2018-11-21,5514
2018-11-22,5519
2018-11-23,5523
2018-11-24,5525
2018-11-25,5530
2018-11-26,5534
2018-11-27,5541
2018-11-28,5544
2018-11-29,5546
2018-11-30,5549
2018-12-01,5556
2018-12-02,5561
2018-12-03,5568
2018-12-04,5579
2018-12-05,5586
2018-12-06,5593
2018-12-07,5598
2018-12-08,5602
2018-12-09,5607
2018-12-10,5609
2018-12-11,5617
2018-12-12,5620
2018-12-13,5628
2018-12-14,5633
2018-12-15,5635
2018-12-16,5639
2018-12-18,5644
2018-12-19,5648
2018-12-20,5653
2018-12-21,5656
2018-12-22,5657
2018-12-23,5659
2018-12-24,5664
2018-12-25,5669
2018-12-26,5670
2018-12-27,5674
2018-12-28,5679
2018-12-29,5686
2018-12-30,5688
2018-12-31,5692
2019-01-01,5697
2019-01-02,5698
2019-01-03,5704
2019-01-04,5709
2019-01-05,5712
2019-01-06,5715
2019-01-07,5718
2019-01-08,5723
2019-01-09,5728
2019-01-10,5737
2019-01-11,5744
2019-01-12,5749
2019-01-13,5750
2019-01-14,5754
2019-01-15,5759
2019-01-16,5763
2019-01-17,5766
2019-01-18,5769
2019-01-19,5771
2019-01-20,5774
2019-01-21,5778
2019-01-22,5782
2019-01-23,5790
2019-01-24,5794
2019-01-25,5799
2019-01-26,5804
2019-01-27,5805
2019-01-28,5807
2019-01-29,5815
2019-01-30,5822
2019-01-31,5825
2019-02-01,5828
2019-02-02,5837
2019-02-03,5845
2019-02-04,5849
2019-02-05,5852
2019-02-06,5855
2019-02-07,5859
2019-02-08,5862
2019-02-09,5867
2019-02-10,5869
2019-02-11,5875
2019-02-12,5881
2019-02-13,5887
2019-02-14,5891
2019-02-15,5893
2019-02-16,5897
2019-02-18,5905
2019-02-19,5908
2019-02-20,5913
2019-02-21,5916
2019-02-22,5924
2019-02-23,5929
2019-02-24,5930
2019-02-25,5935
2019-02-26,5939
2019-02-27,5947
2019-02-28,5953
2019-03-01,5957
2019-03-02,5958
2019-03-03,5961
2019-03-04,5967
2019-03-05,5971
2019-03-06,5980
2019-03-07,5994
2019-03-08,6001
2019-03-09,6005
2019-03-10,6012
2019-03-11,6015
2019-03-12,6017
2019-03-13,6024
2019-03-14,6027
2019-03-15,6029
2019-03-16,6033
2019-03-17,6035
2019-03-18,6039
2019-03-19,6046
2019-03-20,6052
2019-03-21,6056
2019-03-22,6058
2019-03-23,6059
2019-03-24,6064
2019-03-25,6069
2019-03-26,6080
2019-03-27,6083
2019-03-28,6091
2019-03-29,6096
2019-03-30,6097
2019-03-31,6102
2019-04-01,6111
2019-04-02,6119
2019-04-03,6123
2019-04-04,6128
2019-04-05,6134
2019-04-06,6149
2019-04-07,6152
2019-04-08,6158
2019-04-09,6167
2019-04-10,6176
2019-04-11,6187
2019-04-12,6190
2019-04-13,6195
2019-04-14,6200
2019-04-15,6204
2019-04-16,6208
2019-04-17,6210
2019-04-18,6219
2019-04-19,6226
2019-04-20,6233
2019-04-22,6236
2019-04-23,6244
2019-04-24,6246
2019-04-25,6253
2019-04-26,6261
2019-04-27,6265
2019-04-28,6266
2019-04-29,6272
2019-04-30,6275
2019-05-01,6279
2019-05-02,6282
2019-05-03,6284
2019-05-04,6289
2019-05-05,6293
2019-05-06,6301
2019-05-07,6310
2019-05-08,6314
2019-05-09,6317
2019-05-10,6324
2019-05-11,6327
2019-05-12,6331
2019-05-13,6335
2019-05-14,6340
2019-05-15,6349
2019-05-16,6352
2019-05-17,6356
2019-05-18,6358
2019-05-19,6365
2019-05-20,6366
2019-05-21,6371
2019-05-22,6378
2019-05-23,6383
2019-05-24,6395
2019-05-25,6400
2019-05-26,6408
2019-05-28,6410
2019-05-29,6418
2019-05-30,6424
2019-05-31,6428
2019-06-01,6432
2019-06-02,6436
2019-06-03,6439
2019-06-04,6444
2019-06-05,6457
2019-06-06,6465
2019-06-07,6469
2019-06-08,6472
2019-06-09,6475
2019-06-10,6481
2019-06-11,6486
2019-06-12,6492
2019-06-13,6495
2019-06-14,6498
2019-06-15,6499
2019-06-16,6500
2019-06-17,6504
2019-06-18,6507
2019-06-19,6513
2019-06-20,6515
2019-06-21,6521
2019-06-22,6525
2019-06-23,6529
2019-06-24,6533
2019-06-25,6537
2019-06-26,6543
2019-06-27,6550
2019-06-28,6556
2019-06-29,6560
2019-06-30,6563
2019-07-01,6569
2019-07-02,6571
2019-07-03,6574
2019-07-04,6581
2019-07-05,6585
2019-07-06,6588
2019-07-07,6590
2019-07-08,6591
2019-07-09,6598
2019-07-10,6604
2019-07-11,6608
2019-07-12,6612
2019-07-13,6624
2019-07-14,6627
2019-07-15,6631
2019-07-16,6639
2019-07-17,6645
2019-07-18,6651
2019-07-19,6653
2019-07-20,6659
2019-07-21,6663
2019-07-22,6669
2019-07-23,6672
2019-07-24,6681
2019-07-25,6686
2019-07-26,6688
2019-07-27,6692
2019-07-28,6696
2019-07-29,6701
2019-07-30,6705
2019-07-31,6707
2019-08-01,6712
2019-08-02,6722
2019-08-03,6724
2019-08-04,6726
2019-08-05,6733
2019-08-06,6738
2019-08-07,6747
2019-08-08,6753
2019-08-09,6760
2019-08-10,6765
2019-08-11,6769
2019-08-12,6776
2019-08-13,6786
2019-08-14,6795
2019-08-15,6810
2019-08-16,6818
2019-08-17,6848
2019-08-18,6856
2019-08-19,6860
2019-08-20,6870
2019-08-21,6875
2019-08-22,6879
2019-08-23,6882
2019-08-24,6883
2019-08-25,6886
2019-08-26,6888
2019-08-27,6896
2019-08-28,6905
2019-08-29,6914
2019-08-30,6917
2019-08-31,6920
2019-09-01,6922
2019-09-02,6928
2019-09-03,6932
2019-09-04,6938
2019-09-05,6943
2019-09-06,6952
2019-09-07,6960
2019-09-08,6963
2019-09-09,6970
2019-09-10,6974
2019-09-11,6978
2019-09-12,6987
2019-09-13,6998
2019-09-15,7000
2019-09-16,7006
2019-09-17,7008
2019-09-18,7016
2019-09-19,7024
2019-09-20,7028
2019-09-21,7037
2019-09-22,7042
2019-09-23,7047
2019-09-24,7055
2019-09-25,7059
2019-09-26,7064
2019-09-27,7068
2019-09-28,7073
2019-09-29,7080
2019-09-30,7083
2019-10-01,7096
2019-10-02,7104
2019-10-03,7109
2019-10-04,7113
2019-10-05,7118
2019-10-06,7125
2019-10-07,7133
2019-10-08,7140
2019-10-09,7148
2019-10-10,7156
2019-10-11,7163
2019-10-12,7172
2019-10-13,7177
2019-10-14,7185
2019-10-15,7206
2019-10-16,7214
2019-10-17,7221
2019-10-18,7231
2019-10-19,7245
2019-10-20,7251
2019-10-21,7259
2019-10-22,7272
2019-10-23,7276
2019-10-24,7281
2019-10-25,7286
2019-10-26,7291
2019-10-27,7294
2019-10-28,7298
2019-10-29,7300
2019-10-30,7306
2019-10-31,7314
2019-11-01,7320
2019-11-02,7336
2019-11-03,7343
2019-11-04,7348
2019-11-05,7353
2019-11-06,7363
2019-11-07,7368
2019-11-08,7372
2019-11-09,7381
2019-11-10,7383
2019-11-11,7385
2019-11-12,7389
2019-11-13,7392
2019-11-14,7396
2019-11-15,7398
2019-11-16,7402
2019-11-17,7406
2019-11-18,7411
2019-11-19,7422
2019-11-20,7429
2019-11-21,7433
2019-11-22,7437
2019-11-23,7441
2019-11-24,7445
2019-11-25,7452
2019-11-26,7459
2019-11-27,7464
2019-11-28,7472
2019-11-30,7473
2019-12-01,7477
2019-12-02,7480
2019-12-03,7502
2019-12-04,7515
2019-12-05,7518
2019-12-06,7525
2019-12-07,7531
2019-12-08,7535
2019-12-09,7538
2019-12-10,7542
2019-12-11,7549
2019-12-12,7553
2019-12-13,7559
2019-12-14,7565
2019-12-15,7571
2019-12-16,7579
2019-12-17,7588
2019-12-18,7595
2019-12-19,7599
2019-12-20,7601
2019-12-21,7603
2019-12-22,7609
2019-12-23,7611
2019-12-24,7616
2019-12-25,7623
2019-12-26,7627
2019-12-27,7630
2019-12-28,7638
2019-12-29,7639
2019-12-30,7642
2019-12-31,7645
2020-01-01,7646
2020-01-02,7652
2020-01-03,7655
2020-01-04,7658
2020-01-05,7663
2020-01-06,7666
2020-01-07,7669
2020-01-08,7673
2020-01-09,7675
2020-01-10,7683
2020-01-11,7689
2020-01-12,7693
2020-01-13,7700
2020-01-14,7706
2020-01-15,7710
2020-01-16,7718
2020-01-17,7722
2020-01-18,7726
2020-01-19,7731
2020-01-20,7742
2020-01-21,7747
2020-01-22,7752
2020-01-23,7756
2020-01-24,7760
2020-01-25,7762
2020-01-26,7767
2020-01-27,7769
2020-01-28,7774
2020-01-29,7779
2020-01-30,7786
2020-01-31,7797
2020-02-01,7805
2020-02-02,7818
2020-02-03,7820
2020-02-04,7828
2020-02-05,7835
2020-02-06,7842
2020-02-07,7848
2020-02-08,7852
2020-02-09,7856
2020-02-10,7858
2020-02-11,7864
2020-02-12,7873
2020-02-13,7877
2020-02-14,7887
2020-02-15,7897
2020-02-16,7900
2020-02-17,7907
2020-02-18,7914
2020-02-19,7918
2020-02-20,7927
2020-02-21,7931
2020-02-22,7936
2020-02-23,7940
2020-02-24,7944
2020-02-25,7955
2020-02-26,7964
2020-02-27,7970
2020-02-28,7973
2020-02-29,7979
2020-03-01,7983
2020-03-02,7990
2020-03-03,8000
2020-03-04,8005
2020-03-05,8029
2020-03-06,8034
2020-03-07,8038
2020-03-08,8045
2020-03-09,8048
2020-03-10,8051
2020-03-11,8058
2020-03-12,8065
2020-03-13,8069
2020-03-14,8075
2020-03-15,8080
2020-03-16,8084
2020-03-17,8091
2020-03-18,8095
2020-03-19,8099
2020-03-20,8109
2020-03-21,8111
2020-03-22,8118
2020-03-23,8127
2020-03-24,8131
2020-03-25,8137
2020-03-26,8151
2020-03-27,8161
2020-03-28,8168
2020-03-29,8176
2020-03-30,8184
2020-03-31,8189
2020-04-01,8201
2020-04-02,8207
2020-04-03,8214
2020-04-04,8223
2020-04-05,8231
2020-04-06,8239
2020-04-07,8247
2020-04-08,8251
2020-04-09,8255
2020-04-10,8262
2020-04-11,8271
2020-04-12,8283
2020-04-13,8290
2020-04-14,8294
2020-04-15,8296
2020-04-16,8305
2020-04-17,8313
2020-04-18,8320
2020-04-19,8332
2020-04-20,8335
2020-04-21,8341
2020-04-22,8348
2020-04-23,8360
2020-04-24,8365
2020-04-25,8372
2020-04-26,8382
2020-04-27,8388
2020-04-28,8395
2020-04-29,8406
2020-04-30,8412
2020-05-01,8420
2020-05-02,8425
2020-05-03,8430
2020-05-04,8438
2020-05-05,8445
2020-05-06,8457
2020-05-07,8463
2020-05-08,8471
2020-05-09,8479
2020-05-10,8486
2020-05-11,8494
2020-05-12,8505
2020-05-13,8514
2020-05-14,8524
2020-05-15,8531
2020-05-16,8540
2020-05-17,8543
2020-05-18,8554
2020-05-19,8562
2020-05-20,8567
2020-05-21,8573
2020-05-22,8579
2020-05-23,8591
2020-05-24,8598
2020-05-25,8613
2020-05-26,8619
2020-05-27,8627
2020-05-28,8633
2020-05-29,8642
2020-05-30,8649
2020-05-31,8654
2020-06-01,8662
2020-06-02,8669
2020-06-03,8680
2020-06-04,8684
2020-06-05,8691
2020-06-06,8695
2020-06-07,8698
2020-06-08,8709
2020-06-09,8715
2020-06-10,8720
2020-06-11,8726
2020-06-12,8731
2020-06-13,8739
2020-06-14,8743
2020-06-15,8754
2020-06-16,8761
2020-06-17,8764
2020-06-18,8778
2020-06-19,8794
2020-06-20,8803
2020-06-21,8807
2020-06-22,8811
2020-06-23,8818
2020-06-24,8826
2020-06-25,8836
2020-06-26,8841
2020-06-27,8844
2020-06-28,8849
2020-06-29,8856
2020-06-30,8863
2020-07-01,8874
2020-07-02,8883
2020-07-03,8886
2020-07-04,8891
2020-07-05,8895
2020-07-06,8900
2020-07-07,8904
2020-07-08,8913
2020-07-09,8917
2020-07-10,8924
2020-07-11,8932
2020-07-12,8939
2020-07-13,8946
2020-07-14,8950
2020-07-15,8959
2020-07-16,8967
2020-07-17,8977
2020-07-18,8985
2020-07-19,8994
2020-07-20,8999
2020-07-21,9004
2020-07-22,9018
2020-07-23,9024
2020-07-24,9029
2020-07-25,9032
2020-07-26,9033
2020-07-27,9036
2020-07-28,9038
2020-07-29,9044
2020-07-30,9050
2020-07-31,9061
2020-08-01,9062
2020-08-02,9064
2020-08-03,9069
2020-08-04,9074
2020-08-05,9080
2020-08-06,9086
2020-08-07,9094
2020-08-08,9095
2020-08-09,9099
2020-08-10,9105
2020-08-11,9115
2020-08-12,9120
2020-08-13,9124
2020-08-14,9128
2020-08-15,9133
2020-08-16,9140
2020-08-17,9147
2020-08-18,9152
2020-08-19,9159
2020-08-20,9167
2020-08-21,9174
2020-08-22,9181
2020-08-23,9183
2020-08-24,9191
2020-08-25,9199
2020-08-26,9205
2020-08-27,9212
2020-08-28,9225
2020-08-29,9230
2020-08-30,9234
2020-08-31,9238
2020-09-01,9247
2020-09-02,9254
2020-09-03,9262
2020-09-04,9267
2020-09-05,9272
2020-09-06,9277
2020-09-07,9280
2020-09-08,9288
2020-09-09,9294
2020-09-10,9310
2020-09-11,9317
2020-09-12,9322
2020-09-13,9331
2020-09-14,9338
2020-09-15,9351
2020-09-16,9363
2020-09-17,9372
2020-09-18,9387
2020-09-19,9391
2020-09-20,9398
2020-09-21,9399
2020-09-22,9408
2020-09-23,9414
2020-09-24,9418
2020-09-25,9429
2020-09-26,9434
2020-09-27,9440
2020-09-28,9452
2020-09-29,9464
2020-09-30,9472
2020-10-01,9486
2020-10-02,9499
2020-10-03,9506
2020-10-04,9513
2020-10-05,9519
2020-10-06,9527
2020-10-07,9532
2020-10-08,9543
2020-10-09,9547
2020-10-10,9551
2020-10-11,9558
2020-10-12,9568
2020-10-13,9577
2020-10-14,9587
2020-10-15,9593
2020-10-16,9595
2020-10-17,9600
2020-10-18,9609
2020-10-19,9620
2020-10-20,9626
2020-10-21,9630
2020-10-22,9637
2020-10-23,9642
2020-10-24,9648
2020-10-25,9652
2020-10-26,9655
2020-10-27,9663
2020-10-28,9669
2020-10-29,9675
2020-10-30,9684
2020-10-31,9689
2020-11-01,9692
2020-11-02,9698
2020-11-03,9704
2020-11-04,9710
2020-11-05,9715
2020-11-06,9723
2020-11-08,9726
2020-11-09,9749
2020-11-10,9756
2020-11-11,9763
2020-11-12,9769
2020-11-13,9774
2020-11-14,9797
2020-11-15,9799
2020-11-16,9803
2020-11-17,9810
2020-11-18,9821
2020-11-19,9824
2020-11-20,9827
2020-11-21,9830
2020-11-22,9837
2020-11-23,9844
2020-11-24,9848
2020-11-25,9852
2020-11-26,9856
2020-11-27,9859
2020-11-28,9867
2020-11-29,9871
2020-11-30,9879
2020-12-01,9888
2020-12-02,9892
2020-12-03,9899
2020-12-04,9906
2020-12-05,9913
2020-12-06,9914
2020-12-07,9923
2020-12-08,9934
2020-12-09,9943
2020-12-10,9950
2020-12-11,9956
2020-12-12,9959
2020-12-13,9965
2020-12-14,9970
2020-12-15,9983
2020-12-16,9988
2020-12-17,9995
2020-12-18,10006
2020-12-19,10009
2020-12-20,10013
2020-12-21,10015
2020-12-22,10022
2020-12-23,10028
2020-12-24,10035
2020-12-25,10042
2020-12-26,10047
2020-12-27,10048
2020-12-28,10052
2020-12-29,10060
2020-12-30,10065
2020-12-31,10069
2021-01-01,10072
2021-01-02,10074
2021-01-03,10077
2021-01-04,10081
2021-01-05,10091
2021-01-06,10098
2021-01-07,10105
2021-01-08,10110
2021-01-09,10115
2021-01-10,10120
2021-01-11,10127
2021-01-12,10134
2021-01-13,10144
2021-01-14,10154
2021-01-15,10161
2021-01-16,10167
2021-01-17,10169
2021-01-18,10173
2021-01-19,10181
2021-01-20,10184
2021-01-21,10189
2021-01-22,10193
2021-01-23,10200
2021-01-24,10204
2021-01-26,10212
2021-01-27,10219
2021-01-28,10223
2021-01-29,10227
2021-01-30,10231
2021-01-31,10236
2021-02-01,10243
2021-02-02,10251
2021-02-03,10254
2021-02-04,10260
2021-02-05,10267
2021-02-06,10269
2021-02-07,10273
2021-02-08,10283
2021-02-09,10294
2021-02-10,10304
2021-02-11,10310
2021-02-12,10315
2021-02-13,10319
2021-02-14,10325
2021-02-15,10332
2021-02-16,10337
2021-02-17,10341
2021-02-18,10350
2021-02-19,10357
2021-02-20,10364
2021-02-21,10365
2021-02-22,10371
2021-02-23,10376
2021-02-24,10385
2021-02-25,10388
2021-02-26,10390
2021-02-27,10392
2021-02-28,10398
2021-03-01,10412
2021-03-02,10424
2021-03-03,10431
2021-03-04,10444
2021-03-05,10449
2021-03-06,10474
2021-03-07,10477
2021-03-08,10483
2021-03-09,10486
2021-03-10,10493
2021-03-11,10496
2021-03-12,10500
2021-03-13,10505
2021-03-14,10513
2021-03-15,10518
2021-03-16,10523
2021-03-17,10528
2021-03-18,10534
2021-03-19,10538
2021-03-20,10542
2021-03-21,10546
2021-03-22,10552
2021-03-23,10556
2021-03-24,10565
2021-03-25,10572
2021-03-26,10576
2021-03-27,10578
2021-03-28,10584
2021-03-29,10592
2021-03-30,10597
2021-03-31,10608
2021-04-01,10610
2021-04-02,10617
2021-04-03,10623
2021-04-04,10627
2021-04-05,10631
2021-04-06,10637
2021-04-07,10644
2021-04-08,10650
2021-04-09,10654
2021-04-10,10658
2021-04-11,10664
2021-04-12,10671
2021-04-13,10675
2021-04-14,10687
2021-04-15,10697
2021-04-16,10700
2021-04-17,10702
2021-04-18,10708
2021-04-19,10713
2021-04-20,10718
2021-04-21,10723
2021-04-22,10731
2021-04-23,10733
2021-04-24,10736
2021-04-25,10738
2021-04-26,10742
2021-04-27,10747
2021-04-28,10752
2021-04-29,10754
2021-04-30,10762
2021-05-01,10765
2021-05-02,10772
2021-05-03,10778
2021-05-04,10783
2021-05-05,10787
2021-05-06,10793
2021-05-07,10800
2021-05-08,10802
2021-05-09,10805
2021-05-10,10809
2021-05-11,10817
2021-05-12,10821
2021-05-13,10826
2021-05-14,10833
2021-05-15,10839
2021-05-16,10847
2021-05-17,10856
2021-05-18,10863
2021-05-19,10885
2021-05-20,10893
2021-05-21,10897
2021-05-22,10901
2021-05-23,10904
2021-05-24,10910
2021-05-25,10924
2021-05-26,10930
2021-05-27,10934
2021-05-28,10940
2021-05-29,10942
2021-05-30,10945
2021-05-31,10953
2021-06-01,10954
2021-06-02,10958
2021-06-03,10964
2021-06-04,10969
2021-06-05,10970
2021-06-06,10977
2021-06-07,10983
2021-06-08,10992
2021-06-09,10997
2021-06-10,11001
2021-06-11,11008
2021-06-12,11011
2021-06-13,11013
2021-06-14,11022
2021-06-15,11030
2021-06-16,11034
2021-06-17,11041
2021-06-18,11044
2021-06-19,11050
2021-06-20,11054
2021-06-21,11057
2021-06-22,11060
2021-06-23,11067
2021-06-24,11076
2021-06-25,11081
2021-06-26,11087
2021-06-27,11093
2021-06-28,11100
2021-06-29,11106
2021-06-30,11107
2021-07-01,11110
2021-07-02,11117
2021-07-03,11119
2021-07-04,11125
2021-07-05,11132
2021-07-06,11137
2021-07-07,11139
2021-07-08,11144
2021-07-09,11155
2021-07-10,11160
2021-07-11,11163
2021-07-12,11175
2021-07-13,11181
2021-07-14,11188
2021-07-15,11192
2021-07-16,11203
2021-07-17,11207
2021-07-18,11212
2021-07-19,11216
2021-07-20,11222
2021-07-21,11229
2021-07-22,11236
2021-07-23,11242
2021-07-24,11248
2021-07-25,11252
2021-07-26,11255
2021-07-27,11263
2021-07-28,11269
2021-07-29,11274
2021-07-30,11282
2021-07-31,11285
2021-08-01,11289
2021-08-02,11300
2021-08-03,11305
2021-08-04,11313
2021-08-05,11319
2021-08-06,11322
2021-08-07,11326
2021-08-08,11329
2021-08-09,11335
2021-08-10,11337
2021-08-11,11343
2021-08-12,11354
2021-08-13,11359
2021-08-14,11367
2021-08-15,11369
2021-08-16,11375
2021-08-17,11384
2021-08-18,11401
2021-08-19,11410
2021-08-20,11418
2021-08-21,11425
2021-08-22,11430
2021-08-23,11437
2021-08-24,11447
2021-08-25,11459
2021-08-26,11472
2021-08-27,11478
2021-08-28,11484
2021-08-29,11498
2021-08-30,11507
2021-08-31,11520
2021-09-01,11533
2021-09-02,11541
2021-09-03,11546
2021-09-04,11549
2021-09-05,11556
2021-09-06,11567
2021-09-07,11571
2021-09-08,11582
2021-09-09,11586
2021-09-10,11600
2021-09-12,11603
2021-09-13,11608
2021-09-14,11612
2021-09-15,11626
2021-09-16,11639
2021-09-17,11650
2021-09-18,11657
2021-09-19,11659
2021-09-20,11664
2021-09-21,11668
2021-09-22,11675
2021-09-23,11681
2021-09-24,11685
2021-09-25,11687
2021-09-26,11691
2021-09-27,11695
2021-09-28,11705
2021-09-29,11707
2021-09-30,11712
2021-10-01,11715
2021-10-02,11720
2021-10-03,11727
2021-10-04,11737
2021-10-05,11744
2021-10-06,11754
2021-10-07,11760
2021-10-08,11765
2021-10-09,11769
2021-10-10,11775
2021-10-11,11779
2021-10-12,11789
2021-10-13,11800
2021-10-14,11809
2021-10-15,11815
2021-10-16,11817
2021-10-17,11822
2021-10-18,11829
2021-10-19,11833
2021-10-20,11840
2021-10-21,11846
2021-10-22,11852
2021-10-23,11855
2021-10-24,11858
2021-10-25,11862
2021-10-26,11868
2021-10-27,11876
2021-10-28,11888
2021-10-29,11892
2021-10-30,11895
2021-10-31,11897
2021-11-01,11901
2021-11-02,11908
2021-11-03,11911
2021-11-04,11916
2021-11-05,11923
2021-11-06,11926
2021-11-07,11930
2021-11-08,11935
2021-11-09,11939
2021-11-10,11944
2021-11-11,11951
2021-11-12,11958
2021-11-13,11960
2021-11-14,11965
2021-11-15,11970
2021-11-16,11978
2021-11-17,11990
2021-11-18,11995
2021-11-19,12001
2021-11-20,12003
2021-11-21,12007
2021-11-22,12010
2021-11-23,12018
2021-11-24,12020
2021-11-25,12024
2021-11-26,12025
2021-11-27,12030
2021-11-28,12034
2021-11-29,12041
2021-11-30,12046
2021-12-01,12049
2021-12-02,12054
2021-12-03,12060
2021-12-04,12068
2021-12-05,12071
2021-12-06,12078
2021-12-07,12081
2021-12-08,12084
2021-12-09,12091
2021-12-10,12097
2021-12-11,12100
2021-12-12,12104
2021-12-13,12108
2021-12-14,12116
2021-12-15,12123
2021-12-16,12127
2021-12-17,12131
2021-12-18,12132
2021-12-19,12138
2021-12-20,12144
2021-12-21,12153
2021-12-22,12159
2021-12-23,12160
2021-12-24,12167
2021-12-25,12170
2021-12-26,12172
2021-12-27,12177
2021-12-28,12184
2021-12-29,12188
2021-12-30,12200
2021-12-31,12207
2022-01-01,12209
2022-01-02,12214
2022-01-03,12219
2022-01-04,12227
2022-01-05,12237
2022-01-06,12242
2022-01-07,12247
2022-01-08,12254
2022-01-10,12259
2022-01-11,12262
2022-01-12,12268
2022-01-13,12276
2022-01-14,12281
2022-01-15,12283
2022-01-16,12291
2022-01-17,12296
2022-01-18,12302
2022-01-19,12308
2022-01-20,12313
2022-01-21,12320
2022-01-22,12326
2022-01-23,12333
2022-01-24,12340
2022-01-25,12346
2022-01-26,12352
2022-01-27,12363
2022-01-28,12369
2022-01-29,12374
2022-01-30,12378
2022-01-31,12388
2022-02-01,12395
2022-02-02,12402
2022-02-04,12408
2022-02-05,12414
2022-02-06,12416
2022-02-07,12422
2022-02-08,12426
2022-02-09,12434
2022-02-10,12438
2022-02-11,12445
2022-02-12,12455
2022-02-13,12461
2022-02-14,12467
2022-02-15,12473
2022-02-16,12480
2022-02-17,12487
2022-02-18,12493
2022-02-19,12499
2022-02-20,12505
2022-02-21,12513
2022-02-22,12521
2022-02-23,12530
2022-02-24,12536
2022-02-25,12537
2022-02-26,12538
2022-02-27,12547
2022-02-28,12555
2022-03-01,12559
2022-03-02,12566
2022-03-03,12572
2022-03-04,12579
2022-03-05,12585
2022-03-06,12592
2022-03-07,12597
2022-03-08,12607
2022-03-09,12613
2022-03-10,12619
2022-03-11,12623
2022-03-12,12627
2022-03-13,12632
2022-03-14,12637
2022-03-15,12643
2022-03-16,12648
2022-03-17,12653
2022-03-18,12661
2022-03-19,12668
2022-03-20,12672
2022-03-21,12679
2022-03-22,12689
2022-03-23,12703
2022-03-24,12709
2022-03-25,12720
2022-03-26,12721
2022-03-27,12728
2022-03-28,12738
2022-03-29,12745
2022-03-30,12752
2022-03-31,12759
2022-04-01,12764
2022-04-02,12775
2022-04-03,12779
2022-04-04,12783
2022-04-05,12791
2022-04-06,12798
2022-04-07,12805
2022-04-08,12809
2022-04-09,12813
2022-04-10,12816
2022-04-11,12821
2022-04-12,12825
2022-04-13,12827
2022-04-14,12830
2022-04-15,12836
2022-04-16,12841
2022-04-17,12846
2022-04-18,12852
2022-04-19,12861
2022-04-20,12869
2022-04-21,12874
2022-04-22,12884
2022-04-23,12890
2022-04-24,12898
2022-04-25,12908
2022-04-26,12911
2022-04-27,12913
2022-04-28,12916
2022-04-29,12923
2022-04-30,12929
2022-05-01,12933
2022-05-02,12940
2022-05-03,12948
2022-05-04,12952
2022-05-05,12958
2022-05-06,12959
2022-05-07,12963
2022-05-08,12965
2022-05-09,12969
2022-05-10,12981
2022-05-11,12987
2022-05-12,12996
2022-05-13,13000
2022-05-14,13003
2022-05-15,13005
2022-05-16,13011
2022-05-17,13016
2022-05-18,13021
2022-05-19,13025
2022-05-20,13030
2022-05-21,13035
2022-05-23,13038
2022-05-24,13046
2022-05-25,13052
2022-05-26,13054
2022-05-27,13056
2022-05-28,13060
2022-05-29,13061
2022-05-30,13067
2022-05-31,13069
2022-06-01,13070
2022-06-02,13075
2022-06-03,13082
2022-06-04,13085
2022-06-05,13087
2022-06-06,13089
2022-06-07,13093
2022-06-08,13096
2022-06-09,13101
2022-06-10,13108
2022-06-11,13111
2022-06-12,13120
2022-06-13,13122
2022-06-14,13126
2022-06-15,13129
2022-06-16,13134
2022-06-17,13140
2022-06-18,13143
2022-06-19,13149
2022-06-20,13161
2022-06-21,13167
2022-06-22,13174
2022-06-23,13182
2022-06-24,13187
2022-06-25,13193
2022-06-26,13198
2022-06-27,13203
2022-06-28,13208
2022-06-29,13215
2022-06-30,13217
2022-07-01,13221
2022-07-02,13223
2022-07-03,13224
2022-07-04,13231
2022-07-05,13236
2022-07-06,13241
2022-07-07,13247
2022-07-08,13249
2022-07-09,13253
2022-07-10,13255
2022-07-11,13259
2022-07-12,13269
2022-07-13,13275
2022-07-14,13285
2022-07-15,13288
2022-07-16,13290
2022-07-17,13297
2022-07-18,13301
2022-07-19,13306
2022-07-20,13313
2022-07-21,13314
2022-07-22,13317
2022-07-23,13322
2022-07-24,13328
2022-07-25,13333
2022-07-26,13341
2022-07-27,13349
2022-07-28,13354
2022-07-29,13360
2022-07-30,13361
2022-07-31,13363
2022-08-01,13370
2022-08-02,13381
2022-08-03,13394
2022-08-04,13403
2022-08-05,13406
2022-08-06,13412
2022-08-07,13417
2022-08-08,13420
2022-08-09,13423
2022-08-10,13427
2022-08-11,13432
2022-08-12,13440
2022-08-13,13445
2022-08-14,13450
2022-08-15,13455
2022-08-16,13462
2022-08-17,13470
2022-08-18,13474
2022-08-19,13480
2022-08-20,13482
2022-08-21,13483
2022-08-22,13487
2022-08-23,13491
2022-08-24,13496
2022-08-25,13501
2022-08-26,13507
2022-08-27,13511
2022-08-28,13513
2022-08-29,13516
2022-08-30,13518
2022-08-31,13519
2022-09-01,13523
2022-09-02,13535
2022-09-03,13539
2022-09-04,13541
2022-09-05,13547
2022-09-06,13551
2022-09-07,13558
2022-09-08,13567
2022-09-09,13572
2022-09-10,13576
2022-09-11,13577
2022-09-12,13583
2022-09-13,13591
2022-09-14,13598
2022-09-15,13604
2022-09-16,13607
2022-09-17,13613
2022-09-18,13616
2022-09-19,13621
2022-09-20,13628
2022-09-21,13631
2022-09-22,13640
2022-09-23,13647
2022-09-24,13655
2022-09-25,13660
2022-09-26,13662
2022-09-27,13669
2022-09-28,13673
2022-09-29,13678
2022-09-30,13692
2022-10-01,13702
2022-10-02,13712
2022-10-03,13720
2022-10-04,13726
2022-10-05,13734
2022-10-06,13746
2022-10-07,13755
2022-10-08,13762
2022-10-09,13770
2022-10-10,13779
2022-10-11,13786
2022-10-12,13798
2022-10-13,13803
2022-10-14,13813
2022-10-15,13816
2022-10-16,13822
2022-10-17,13829
2022-10-18,13848
2022-10-19,13857
2022-10-20,13861
2022-10-21,13866
2022-10-22,13872
2022-10-23,13881
2022-10-24,13883
2022-10-25,13898
2022-10-26,13905
2022-10-27,13911
2022-10-28,13917
2022-10-29,13923
2022-10-30,13927
2022-10-31,13931
2022-11-01,13937
2022-11-02,13944
2022-11-03,13951
2022-11-04,13958
2022-11-05,13963
2022-11-06,13973
2022-11-07,13980
2022-11-08,13985
2022-11-09,13993
2022-11-10,13997
2022-11-11,14002
2022-11-12,14008
2022-11-13,14012
2022-11-14,14020
2022-11-15,14030
2022-11-16,14039
2022-11-17,14041
2022-11-18,14043
2022-11-19,14046
2022-11-20,14050
2022-11-21,14053
2022-11-22,14057
2022-11-23,14062
2022-11-24,14069
2022-11-25,14070
2022-11-26,14074
2022-11-27,14084
2022-11-28,14086
2022-11-29,14091
2022-11-30,14093
2022-12-01,14102
2022-12-02,14118
2022-12-03,14127
2022-12-04,14131
2022-12-05,14136
2022-12-06,14138
2022-12-07,14141
2022-12-08,14145
2022-12-09,14151
2022-12-10,14156
2022-12-11,14162
2022-12-12,14165
2022-12-13,14171
2022-12-14,14173
2022-12-15,14182
2022-12-16,14186
2022-12-17,14189
2022-12-18,14192
2022-12-19,14196
2022-12-20,14199
2022-12-21,14206
2022-12-22,14211
2022-12-23,14216
2022-12-24,14222
2022-12-25,14223
2022-12-26,14228
2022-12-27,14232
2022-12-28,14234
2022-12-29,14240
2022-12-30,14246
2022-12-31,14250
2023-01-01,14255
2023-01-02,14258
2023-01-03,14262
2023-01-04,14266
2023-01-05,14269
2023-01-06,14273
2023-01-07,14276
2023-01-08,14282
2023-01-09,14292
2023-01-10,14312
2023-01-11,14319
2023-01-12,14321
2023-01-13,14324
2023-01-14,14327
2023-01-15,14330
2023-01-16,14333
2023-01-17,14335
2023-01-18,14340
2023-01-19,14347
2023-01-20,14349
2023-01-21,14353
2023-01-22,14355
2023-01-23,14356
2023-01-24,14361
2023-01-25,14366
2023-01-26,14371
2023-01-27,14376
2023-01-28,14379
2023-01-29,14383
2023-01-30,14386
2023-01-31,14391
2023-02-01,14394
2023-02-02,14399
2023-02-03,14406
2023-02-04,14409
2023-02-05,14412
2023-02-06,14417
2023-02-07,14426
2023-02-08,14429
2023-02-09,14433
2023-02-10,14437
2023-02-11,14447
2023-02-12,14450
2023-02-13,14456
2023-02-14,14460
2023-02-15,14466
2023-02-16,14473
2023-02-17,14479
2023-02-18,14483
2023-02-19,14489
2023-02-20,14498
2023-02-21,14500
2023-02-22,14503
2023-02-23,14507
2023-02-24,14513
2023-02-25,14514
2023-02-26,14516
2023-02-27,14523
2023-02-28,14534
2023-03-01,14539
2023-03-02,14546
2023-03-03,14554
2023-03-04,14558
2023-03-05,14563
2023-03-06,14572
2023-03-07,14580
2023-03-08,14585
2023-03-09,14589
2023-03-10,14598
2023-03-11,14602
2023-03-12,14608
2023-03-13,14612
2023-03-14,14618
2023-03-15,14624
2023-03-16,14628
2023-03-17,14632
2023-03-18,14639
2023-03-19,14642
2023-03-20,14647
2023-03-21,14650
2023-03-22,14657
2023-03-23,14665
2023-03-24,14668
2023-03-25,14672
2023-03-26,14675
2023-03-27,14676
2023-03-28,14688
2023-03-29,14695
2023-03-30,14700
2023-03-31,14706
2023-04-01,14712
2023-04-02,14718
2023-04-03,14722
2023-04-04,14733
2023-04-05,14741
2023-04-06,14756
2023-04-07,14762
2023-04-08,14765
2023-04-09,14770
2023-04-10,14775
2023-04-11,14776
2023-04-12,14783
2023-04-13,14787
2023-04-14,14793
2023-04-15,14799
2023-04-16,14803
2023-04-17,14808
2023-04-18,14868
2023-04-19,14878
2023-04-20,14892
2023-04-21,14896
2023-04-22,14901
2023-04-23,14904
2023-04-24,14914
2023-04-25,14922
2023-04-26,14927
2023-04-27,14933
2023-04-28,14935
2023-04-30,14936
2023-05-01,14943
2023-05-02,14947
2023-05-03,14950
2023-05-04,14956
2023-05-05,14960
2023-05-06,14966
2023-05-07,14973
2023-05-08,14980
2023-05-09,14986
2023-05-10,14990
2023-05-11,14991
2023-05-12,14994
2023-05-13,14998
2023-05-14,14999
2023-05-15,15007
2023-05-16,15011
2023-05-17,15015
2023-05-18,15018
2023-05-19,15021
2023-05-20,15029
2023-05-21,15034
2023-05-22,15039
2023-05-23,15044
2023-05-24,15048
2023-05-25,15050
2023-05-26,15059
2023-05-27,15062
2023-05-28,15066
2023-05-29,15071
2023-05-30,15072
2023-05-31,15077
2023-06-01,15081
2023-06-02,15083
2023-06-03,15087
2023-06-05,15089
2023-06-06,15093
2023-06-07,15096
2023-06-08,15100
2023-06-09,15103
2023-06-10,15104
2023-06-11,15108
2023-06-12,15113
2023-06-13,15117
2023-06-14,15126
2023-06-15,15127
2023-06-16,15131
2023-06-17,15135
2023-06-18,15138
2023-06-19,15141
2023-06-20,15143
2023-06-21,15146
2023-06-22,15148
2023-06-23,15150
2023-06-24,15152
2023-06-25,15153
2023-06-26,15157
2023-06-27,15161
2023-06-28,15167
2023-06-29,15168
2023-06-30,15171
2023-07-01,15173
2023-07-02,15177
2023-07-03,15180
2023-07-04,15182
2023-07-05,15186
2023-07-06,15190
2023-07-07,15193
2023-07-08,15194
2023-07-09,15196
2023-07-10,15199
2023-07-11,15202
2023-07-12,15208
2023-07-13,15210
2023-07-14,15216
2023-07-15,15231
2023-07-16,15233
2023-07-17,15235
2023-07-18,15238
2023-07-19,15245
2023-07-20,15247
2023-07-21,15254
2023-07-22,15259
2023-07-23,15261
2023-07-24,15265
2023-07-25,15267
2023-07-26,15270
2023-07-27,15272
2023-07-28,15282
2023-07-29,15286
2023-07-30,15287
2023-07-31,15293
2023-08-01,15296
2023-08-02,15299
2023-08-03,15303
2023-08-04,15306
2023-08-05,15311
2023-08-06,15314
2023-08-07,15319
2023-08-08,15324
2023-08-09,15326
2023-08-10,15329
2023-08-11,15331
2023-08-12,15332
2023-08-13,15334
2023-08-14,15337
2023-08-15,15341
2023-08-16,15342
2023-08-17,15345
2023-08-18,15353
2023-08-19,15361
2023-08-20,15368
2023-08-21,15371
2023-08-22,15377
2023-08-23,15382
2023-08-24,15400
2023-08-25,15403
2023-08-26,15408
2023-08-27,15412
2023-08-28,15419
2023-08-29,15425
2023-08-30,15426
2023-08-31,15431
2023-09-01,15435
2023-09-02,15440
2023-09-03,15444
2023-09-04,15449
2023-09-05,15452
2023-09-06,15453
2023-09-07,15457
2023-09-08,15462
2023-09-09,15463
2023-09-11,15468
2023-09-12,15474
2023-09-13,15478
2023-09-14,15482
2023-09-15,15487
2023-09-16,15504
2023-09-17,15506
2023-09-18,15507
2023-09-19,15511
2023-09-20,15514
2023-09-21,15515
2023-09-22,15518
2023-09-23,15521
2023-09-24,15525
2023-09-25,15530
2023-09-26,15531
2023-09-27,15537
2023-09-28,15540
2023-09-29,15544
2023-09-30,15547
2023-10-01,15548
2023-10-02,15551
2023-10-03,15558
2023-10-04,15562
2023-10-05,15564
2023-10-06,15567
2023-10-07,15574
2023-10-08,15578
2023-10-09,15581
2023-10-10,15583
2023-10-11,15589
2023-10-12,15591
2023-10-13,15597
2023-10-14,15599
2023-10-15,15607
2023-10-16,15609
2023-10-17,15615
2023-10-18,15620
2023-10-19,15624
2023-10-20,15629
2023-10-21,15631
2023-10-22,15635
2023-10-23,15639
2023-10-24,15642
2023-10-25,15652
2023-10-26,15658
2023-10-27,15664
2023-10-28,15667
2023-10-29,15671
2023-10-30,15673
2023-10-31,15676
2023-11-01,15678
2023-11-02,15682
2023-11-03,15687
2023-11-04,15693
2023-11-05,15698
2023-11-06,15703
2023-11-07,15707
2023-11-08,15710
2023-11-09,15714
2023-11-10,15716
2023-11-11,15717
2023-11-12,15721
2023-11-13,15723
2023-11-14,15727
2023-11-15,15730
2023-11-16,15734
2023-11-17,15735
2023-11-18,15738
2023-11-19,15740
2023-11-20,15745
2023-11-21,15747
2023-11-22,15754
2023-11-23,15756
2023-11-24,15762
2023-11-25,15763
2023-11-26,15768
2023-11-27,15772
2023-11-28,15774
2023-11-29,15781
2023-11-30,15794
2023-12-01,15798
2023-12-02,15802
2023-12-03,15804
2023-12-04,15811
2023-12-05,15816
2023-12-06,15838
2023-12-07,15841
2023-12-08,15847
2023-12-09,15849
2023-12-10,15852
2023-12-11,15856
2023-12-12,15861
2023-12-13,15865
2023-12-14,15869
2023-12-15,15872
2023-12-16,15874
2023-12-17,15877
2023-12-18,15882
2023-12-19,15886
2023-12-20,15891
2023-12-21,15894
2023-12-22,15897
2023-12-23,15898
2023-12-24,15901
2023-12-25,15903
2023-12-26,15905
2023-12-27,15906
2023-12-28,15912
2023-12-29,15917
2023-12-30,15919
2023-12-31,15923
2024-01-01,15924
2024-01-02,15928
2024-01-03,15933
2024-01-04,15941
2024-01-05,15945
2024-01-06,15948
2024-01-07,15950
2024-01-08,15955
2024-01-09,15961
2024-01-10,15964
2024-01-11,15971
2024-01-12,15973
2024-01-13,15976
2024-01-14,15979
2024-01-15,15988
2024-01-16,15993
2024-01-17,15996
2024-01-18,15999
2024-01-19,16002
2024-01-20,16006
2024-01-21,16008
2024-01-22,16014
2024-01-23,16019
2024-01-24,16023
2024-01-25,16029
2024-01-26,16036
2024-01-27,16040
2024-01-28,16045
2024-01-29,16050
2024-01-30,16053
2024-01-31,16056
2024-02-01,16059
2024-02-02,16061
2024-02-03,16064
2024-02-04,16071
2024-02-05,16076
2024-02-06,16079
2024-02-07,16085
2024-02-08,16090
2024-02-09,16095
2024-02-10,16099
2024-02-11,16102
2024-02-12,16106
2024-02-13,16120
2024-02-14,16129
2024-02-15,16136
2024-02-16,16142
2024-02-17,16148
2024-02-18,16151
2024-02-19,16160
2024-02-20,16164
2024-02-21,16170
2024-02-22,16173
2024-02-23,16176
2024-02-24,16179
2024-02-25,16182
2024-02-26,16188
2024-02-27,16196
2024-02-28,16206
2024-02-29,16217
2024-03-01,16223
2024-03-02,16229
2024-03-04,16240
2024-03-06,16249
2024-03-07,16254
2024-03-08,16272
2024-03-09,16276
2024-03-10,16278
2024-03-11,16284
2024-03-12,16286
2024-03-13,16292
2024-03-14,16296
2024-03-15,16298
2024-03-16,16301
2024-03-17,16307
2024-03-18,16312
2024-03-19,16322
2024-03-20,16327
2024-03-21,16331
2024-03-22,16334
2024-03-23,16343
2024-03-24,16347
2024-03-25,16352
2024-03-26,16358
2024-03-27,16361
2024-03-28,16368
2024-03-29,16376
2024-03-30,16381
2024-03-31,16389
2024-04-01,16391
2024-04-02,16394
2024-04-03,16399
2024-04-04,16403
2024-04-05,16407
2024-04-06,16413
2024-04-07,16416
2024-04-08,16421
2024-04-09,16424
2024-04-10,16432
2024-04-11,16437
2024-04-12,16442
2024-04-13,16445
2024-04-14,16447
2024-04-15,16455
2024-04-16,16459
2024-04-17,16463
2024-04-18,16465
2024-04-19,16469
2024-04-20,16472
2024-04-21,16478
2024-04-22,16481
2024-04-23,16488
2024-04-24,16491
2024-04-25,16494
2024-04-26,16501
2024-04-27,16503
2024-04-28,16505
2024-04-29,16511
2024-04-30,16513
2024-05-01,16518
2024-05-02,16524
2024-05-03,16530
2024-05-04,16533
2024-05-05,16534
2024-05-06,16537
2024-05-07,16543
2024-05-08,16546
2024-05-09,16548
2024-05-10,16549
2024-05-12,16550
2024-05-13,16555
2024-05-14,16560
2024-05-15,16565
2024-05-16,16568
2024-05-17,16575
2024-05-18,16577
2024-05-19,16582
2024-05-20,16583
2024-05-21,16586
2024-05-22,16588
2024-05-23,16591
2024-05-24,16596
2024-05-25,16601
2024-05-26,16604
2024-05-27,16610
2024-05-28,16616
2024-05-29,16618
2024-05-30,16622
2024-05-31,16628
2024-06-01,16629
2024-06-02,16631
2024-06-03,16634
2024-06-04,16638
2024-06-05,16647
2024-06-06,16650
2024-06-07,16653
2024-06-08,16654
2024-06-09,16656
2024-06-10,16659
2024-06-11,16661
2024-06-12,16666
2024-06-13,16669
2024-06-14,16675
2024-06-15,16677
2024-06-16,16680
2024-06-17,16687
2024-06-18,16691
2024-06-19,16694
2024-06-20,16699
2024-06-21,16705
2024-06-22,16710
2024-06-23,16716
2024-06-24,16720
2024-06-25,16751
2024-06-26,16758
2024-06-27,16764
2024-06-28,16770
2024-06-29,16775
2024-06-30,16779
2024-07-01,16786
2024-07-02,16789
2024-07-03,16793
2024-07-04,16796
2024-07-05,16802
2024-07-07,16808
2024-07-08,16810
2024-07-09,16822
2024-07-10,16828
2024-07-11,16831
2024-07-12,16837
2024-07-13,16842
2024-07-14,16844
2024-07-15,16848
2024-07-16,16852
2024-07-17,16854
2024-07-18,16855
2024-07-19,16858
2024-07-20,16860
2024-07-21,16863
2024-07-22,16866
2024-07-23,16867
2024-07-24,16879
2024-07-25,16885
2024-07-26,16888
2024-07-27,16890
2024-07-28,16894
2024-07-29,16899
2024-07-30,16902
2024-07-31,16905
2024-08-01,16912
2024-08-02,16914
2024-08-03,16915
2024-08-04,16917
2024-08-05,16921
2024-08-06,16923
2024-08-07,16925
2024-08-08,16928
2024-08-09,16934
2024-08-10,16937
2024-08-11,16942
2024-08-12,16946
2024-08-13,16949
2024-08-14,16953
2024-08-15,16955
2024-08-16,16958
2024-08-17,16960
2024-08-18,16965
2024-08-19,16966
2024-08-20,16970
2024-08-21,16981
2024-08-22,16983
2024-08-23,16985
2024-08-24,16987
2024-08-25,16991
2024-08-26,16994
2024-08-27,17002
2024-08-28,17010
2024-08-29,17012
2024-08-30,17016
2024-08-31,17021
2024-09-01,17027
2024-09-02,17028
2024-09-03,17035
2024-09-04,17037
2024-09-05,17045
2024-09-06,17049
2024-09-07,17053
2024-09-08,17055
2024-09-09,17056
2024-09-10,17062
2024-09-11,17069
2024-09-12,17072
2024-09-13,17074
2024-09-14,17077
2024-09-15,17078
2024-09-16,17081
2024-09-17,17084
2024-09-18,17087
2024-09-19,17092
2024-09-20,17094
2024-09-21,17099
2024-09-22,17102
2024-09-23,17105
2024-09-24,17106
2024-09-25,17113
2024-09-26,17119
2024-09-27,17125
2024-09-28,17128
2024-09-29,17132
2024-09-30,17133
2024-10-01,17136
2024-10-02,17140
2024-10-03,17141
2024-10-04,17146
2024-10-05,17150
2024-10-07,17154
2024-10-08,17159
2024-10-09,17165
2024-10-10,17172
2024-10-11,17174
2024-10-12,17178
2024-10-13,17180
2024-10-14,17185
2024-10-15,17190
2024-10-16,17195
2024-10-17,17200
2024-10-18,17209
2024-10-19,17210
2024-10-20,17215
2024-10-21,17217
2024-10-22,17220
2024-10-23,17222
2024-10-24,17223
2024-10-25,17229
2024-10-26,17231
2024-10-27,17232
2024-10-28,17240
2024-10-29,17243
2024-10-30,17245
2024-10-31,17247
2024-11-01,17250
2024-11-02,17252
2024-11-04,17255
2024-11-05,17259
2024-11-06,17264
2024-11-07,17271
2024-11-08,17279
2024-11-09,17293
2024-11-11,17299
2024-11-12,17304
2024-11-13,17308
2024-11-14,17313
2024-11-15,17319
2024-11-16,17324
2024-11-17,17326
2024-11-18,17333
2024-11-19,17339
2024-11-20,17344
2024-11-21,17347
2024-11-22,17353
2024-11-23,17359
2024-11-24,17362
2024-11-25,17367
2024-11-26,17376
2024-11-27,17381
2024-11-28,17385
2024-11-29,17389
2024-11-30,17391
2024-12-01,17393
2024-12-02,17396
2024-12-03,17402
2024-12-04,17406
2024-12-05,17409
2024-12-06,17415
2024-12-07,17422
2024-12-08,17424
2024-12-09,17426
2024-12-10,17427
2024-12-11,17435
2024-12-12,17438
2024-12-13,17442
2024-12-14,17443
2024-12-15,17446
2024-12-16,17449
2024-12-17,17453
2024-12-18,17456
2024-12-19,17460
2024-12-20,17465
2024-12-21,17468
2024-12-22,17472
2024-12-23,17473
2024-12-24,17477
2024-12-25,17480
2024-12-26,17486
2024-12-27,17487
2024-12-28,17490
2024-12-29,17491
2024-12-30,17493
2024-12-31,17494
2025-01-01,17496
2025-01-02,17497
2025-01-03,17498
2025-01-04,17503
2025-01-05,17504
2025-01-06,17508
2025-01-07,17513
2025-01-08,17518
2025-01-09,17522
2025-01-10,17524
2025-01-11,17525
2025-01-12,17529
2025-01-13,17533
2025-01-14,17538
2025-01-15,17544
2025-01-16,17552
2025-01-17,17559
2025-01-18,17561
2025-01-19,17564
2025-01-20,17568
2025-01-21,17572
2025-01-22,17576
2025-01-23,17583
2025-01-24,17586
2025-01-25,17591
2025-01-26,17596
2025-01-27,17599
2025-01-28,17601
2025-01-29,17602
2025-01-30,17606
2025-01-31,17610
2025-02-01,17613
2025-02-02,17617
2025-02-03,17620
2025-02-04,17624
2025-02-05,17627
2025-02-06,17633
2025-02-07,17638
2025-02-08,17640
2025-02-09,17643
2025-02-10,17645
2025-02-11,17650
2025-02-12,17652
2025-02-13,17656
2025-02-14,17662
2025-02-15,17668
2025-02-16,17677
2025-02-17,17680
2025-02-18,17683
2025-02-19,17687
2025-02-20,17695
2025-02-21,17699
2025-02-22,17703
2025-02-23,17707
2025-02-24,17711
2025-02-25,17714
2025-02-26,17719
2025-02-27,17721
2025-02-28,17727
2025-03-01,17732
2025-03-02,17737
2025-03-03,17742
2025-03-04,17747
2025-03-05,17756
2025-03-06,17761
2025-03-07,17771
2025-03-08,17778
2025-03-09,17780
2025-03-10,17790
2025-03-11,17802
2025-03-12,17806
2025-03-13,17809
2025-03-14,17814
2025-03-15,17817
2025-03-16,17821
2025-03-17,17825
2025-03-18,17832
2025-03-19,17835
2025-03-20,17844
2025-03-21,17847
2025-03-22,17849
2025-03-23,17857
2025-03-24,17864
2025-03-25,17869
2025-03-26,17872
2025-03-27,17878
2025-03-28,17886
2025-03-29,17892
2025-03-30,17898
2025-03-31,17899
2025-04-01,17902
2025-04-02,17906
2025-04-03,17912
2025-04-05,17915
2025-04-06,17919
2025-04-08,17925
2025-04-09,17930
2025-04-10,17931
2025-04-11,17933
2025-04-12,17935
2025-04-13,17936
2025-04-14,17942
2025-04-15,17948
2025-04-16,17950
2025-04-17,17955
2025-04-18,17956
2025-04-19,17960
2025-04-20,17965
2025-04-21,17967
2025-04-22,17969
2025-04-23,17971
2025-04-24,17974
2025-04-25,17976
2025-04-26,17980
2025-04-27,17985
2025-04-28,17992
2025-04-29,17996
2025-04-30,17998
2025-05-01,18003
2025-05-02,18008
2025-05-03,18010
2025-05-04,18012
2025-05-05,18015
2025-05-06,18020
2025-05-07,18025
2025-05-08,18027
2025-05-09,18033
2025-05-10,18035
2025-05-11,18037
2025-05-12,18040
2025-05-13,18044
2025-05-14,18049
2025-05-15,18052
2025-05-17,18055
2025-05-18,18056
2025-05-19,18063
2025-05-20,18071
2025-05-21,18073
2025-05-22,18076
2025-05-23,18079
2025-05-24,18087
2025-05-25,18092
2025-05-26,18095
2025-05-27,18100
2025-05-28,18107
2025-05-29,18114
2025-05-30,18118
2025-06-01,18125
2025-06-02,18128
2025-06-03,18136
2025-06-04,18141
2025-06-05,18145
2025-06-06,18151
2025-06-07,18153
2025-06-08,18160
2025-06-09,18167
2025-06-10,18174
2025-06-11,18176
2025-06-12,18180
2025-06-13,18182
2025-06-15,18185
2025-06-16,18190
2025-06-17,18193
2025-06-18,18196
2025-06-19,18199
2025-06-20,18205
2025-06-21,18209
2025-06-22,18211
2025-06-23,18215
2025-06-24,18222
2025-06-25,18229
2025-06-26,18236
2025-06-27,18240
2025-06-28,18244
2025-06-29,18253
2025-06-30,18256
2025-07-01,18260
2025-07-02,18264
2025-07-03,18268
2025-07-04,18271
2025-07-05,18276
2025-07-06,18280
2025-07-07,18284
2025-07-08,18287
2025-07-09,18294
2025-07-10,18298
2025-07-11,18303
2025-07-12,18307
2025-07-13,18312
2025-07-14,18318
2025-07-15,18324
2025-07-16,18328
2025-07-17,18334
2025-07-18,18338
2025-07-19,18339
2025-07-20,18343
2025-07-21,18346
2025-07-22,18349
