date,commits
2018-01-01,150
2018-02-01,180
2018-03-01,200
2018-04-01,220
2018-05-01,250
2018-06-01,280
2018-07-01,300
2018-08-01,320
2018-09-01,350
2018-10-01,380
2018-11-01,400
2018-12-01,420
2019-01-01,450
2019-02-01,480
2019-03-01,500
2019-04-01,520
2019-05-01,550
2019-06-01,580
2019-07-01,600
2019-08-01,620
2019-09-01,650
2019-10-01,680
2019-11-01,700
2019-12-01,720
2020-01-01,750
2020-02-01,780
2020-03-01,800
2020-04-01,820
2020-05-01,850
2020-06-01,880
2020-07-01,900
2020-08-01,920
2020-09-01,950
2020-10-01,980
2020-11-01,1000
2020-12-01,1020
2021-01-01,1050
2021-02-01,1080
2021-03-01,1100
2021-04-01,1120
2021-05-01,1150
2021-06-01,1180
2021-07-01,1200
2021-08-01,1220
2021-09-01,1250
2021-10-01,1280
2021-11-01,1300
2021-12-01,1320
2022-01-01,1350
2022-02-01,1380
2022-03-01,1400
2022-04-01,1420
2022-05-01,1450
2022-06-01,1480
2022-07-01,1500
2022-08-01,1520
2022-09-01,1550
2022-10-01,1580
2022-11-01,1600
2022-12-01,1620
2023-01-01,1650
2023-02-01,1680
2023-03-01,1700
2023-04-01,1720
2023-05-01,1750
2023-06-01,1780
2023-07-01,1800
2023-08-01,1820
2023-09-01,1850
2023-10-01,1880
2023-11-01,1900
2023-12-01,1920
2024-01-01,1950
2024-02-01,1980
2024-03-01,2000
2024-04-01,2020
2024-05-01,2050
2024-06-01,2080
2024-07-01,2100
2024-08-01,2120
2025-01-01,2150
2025-02-01,2180
2025-03-01,2200
2025-04-01,2220
2025-05-01,2250
2025-06-01,2280
2025-07-01,2300
2025-08-01,2320
