date,stars
2010-08-24,538
2010-08-25,539
2010-08-26,540
2010-08-31,541
2010-09-01,542
2010-09-06,544
2010-09-07,545
2010-09-14,546
2010-09-15,547
2010-09-18,550
2010-09-20,551
2010-09-21,553
2010-09-23,554
2010-09-24,556
2010-09-25,557
2010-09-27,558
2010-09-30,560
2010-10-02,561
2010-10-03,562
2010-10-04,563
2010-10-05,565
2010-10-06,568
2010-10-07,570
2010-10-09,571
2010-10-10,572
2010-10-15,574
2010-10-17,576
2010-10-19,577
2010-10-21,579
2010-10-22,580
2010-10-23,582
2010-10-25,586
2010-10-26,587
2010-10-28,588
2010-10-30,590
2010-10-31,595
2010-11-01,596
2010-11-03,597
2010-11-04,601
2010-11-05,602
2010-11-08,603
2010-11-09,604
2010-11-10,605
2010-11-11,607
2010-11-12,608
2010-11-14,609
2010-11-15,611
2010-11-16,613
2010-11-17,614
2010-11-18,615
2010-11-22,618
2010-11-23,619
2010-11-26,620
2010-11-27,621
2010-11-28,622
2010-11-29,624
2010-12-02,626
2010-12-03,627
2010-12-04,628
2010-12-05,630
2010-12-06,631
2010-12-07,632
2010-12-08,633
2010-12-10,634
2010-12-12,635
2010-12-13,636
2010-12-14,639
2010-12-15,641
2010-12-18,642
2010-12-24,645
2010-12-25,648
2010-12-28,650
2010-12-29,651
2010-12-30,652
2011-01-02,653
2011-01-03,654
2011-01-05,658
2011-01-06,660
2011-01-09,661
2011-01-10,662
2011-01-11,664
2011-01-12,667
2011-01-13,670
2011-01-16,671
2011-01-17,672
2011-01-19,673
2011-01-21,674
2011-01-23,675
2011-01-24,676
2011-01-27,679
2011-01-28,681
2011-01-29,682
2011-01-30,683
2011-01-31,684
2011-02-01,685
2011-02-02,686
2011-02-05,687
2011-02-06,688
2011-02-08,689
2011-02-10,691
2011-02-13,693
2011-02-14,695
2011-02-15,697
2011-02-16,698
2011-02-17,700
2011-02-20,702
2011-02-21,703
2011-02-23,704
2011-02-27,705
2011-02-28,706
2011-03-01,708
2011-03-04,709
2011-03-05,710
2011-03-08,711
2011-03-10,712
2011-03-16,713
2011-03-17,717
2011-03-19,718
2011-03-21,719
2011-03-22,720
2011-03-27,723
2011-03-28,724
2011-03-29,725
2011-03-30,727
2011-03-31,729
2011-04-02,732
2011-04-03,733
2011-04-04,734
2011-04-05,736
2011-04-06,737
2011-04-08,738
2011-04-09,740
2011-04-12,743
2011-04-14,745
2011-04-15,748
2011-04-16,749
2011-04-17,751
2011-04-18,752
2011-04-19,753
2011-04-21,756
2011-04-22,757
2011-04-23,758
2011-04-25,759
2011-04-26,761
2011-04-28,763
2011-04-29,765
2011-05-02,766
2011-05-03,768
2011-05-04,769
2011-05-05,770
2011-05-06,771
2011-05-10,772
2011-05-11,774
2011-05-12,775
2011-05-13,776
2011-05-16,777
2011-05-18,779
2011-05-19,782
2011-05-20,785
2011-05-22,786
2011-05-23,788
2011-05-24,789
2011-05-25,790
2011-05-26,792
2011-05-30,793
2011-06-01,794
2011-06-05,795
2011-06-06,798
2011-06-09,800
2011-06-10,801
2011-06-13,803
2011-06-14,805
2011-06-15,807
2011-06-17,808
2011-06-20,811
2011-06-22,812
2011-06-23,814
2011-06-27,818
2011-06-28,819
2011-06-30,820
2011-07-02,821
2011-07-03,823
2011-07-04,825
2011-07-05,827
2011-07-06,828
2011-07-08,829
2011-07-09,830
2011-07-11,831
2011-07-12,832
2011-07-14,834
2011-07-16,836
2011-07-18,837
2011-07-19,839
2011-07-22,840
2011-07-26,841
2011-07-28,842
2011-07-29,843
2011-07-31,845
2011-08-02,846
2011-08-04,848
2011-08-07,849
2011-08-08,850
2011-08-10,851
2011-08-12,852
2011-08-16,853
2011-08-17,854
2011-08-19,855
2011-08-21,856
2011-08-22,857
2011-08-23,858
2011-08-24,859
2011-08-27,860
2011-08-28,862
2011-08-29,863
2011-08-31,864
2011-09-01,865
2011-09-03,866
2011-09-04,867
2011-09-05,868
2011-09-07,870
2011-09-08,872
2011-09-10,873
2011-09-13,874
2011-09-14,875
2011-09-17,878
2011-09-19,881
2011-09-21,882
2011-09-22,883
2011-09-23,884
2011-09-26,885
2011-09-28,887
2011-09-29,888
2011-09-30,889
2011-10-01,890
2011-10-03,894
2011-10-06,895
2011-10-07,898
2011-10-11,899
2011-10-12,900
2011-10-13,901
2011-10-14,902
2011-10-15,903
2011-10-16,904
2011-10-18,905
2011-10-20,907
2011-10-21,908
2011-10-22,909
2011-10-25,910
2011-10-26,911
2011-11-01,912
2011-11-02,914
2011-11-04,916
2011-11-06,917
2011-11-07,918
2011-11-08,919
2011-11-13,920
2011-11-14,924
2011-11-15,925
2011-11-18,927
2011-11-20,928
2011-11-21,929
2011-11-25,930
2011-11-26,931
2011-11-27,933
2011-11-30,934
2011-12-02,936
2011-12-03,938
2011-12-04,939
2011-12-07,941
2011-12-08,943
2011-12-09,946
2011-12-11,947
2011-12-13,950
2011-12-14,951
2011-12-19,953
2011-12-21,957
2011-12-25,958
2011-12-26,959
2011-12-28,961
2012-01-03,963
2012-01-04,965
2012-01-05,967
2012-01-06,969
2012-01-07,970
2012-01-08,971
2012-01-09,974
2012-01-11,975
2012-01-12,976
2012-01-13,979
2012-01-16,980
2012-01-18,982
2012-01-21,983
2012-01-22,984
2012-01-24,985
2012-01-25,987
2012-01-27,988
2012-01-28,989
2012-01-30,991
2012-02-01,992
2012-02-03,994
2012-02-04,995
2012-02-06,996
2012-02-07,997
2012-02-09,999
2012-02-10,1000
2012-02-11,1001
2012-02-15,1002
2012-02-17,1003
2012-02-19,1004
2012-02-20,1006
2012-02-21,1009
2012-02-23,1010
2012-02-24,1011
2012-02-25,1012
2012-02-29,1013
2012-03-03,1016
2012-03-04,1017
2012-03-05,1018
2012-03-07,1019
2012-03-08,1021
2012-03-10,1022
2012-03-12,1024
2012-03-13,1025
2012-03-15,1028
2012-03-17,1029
2012-03-19,1031
2012-03-23,1032
2012-03-24,1033
2012-03-25,1034
2012-03-27,1035
2012-04-01,1036
2012-04-02,1037
2012-04-05,1038
2012-04-06,1039
2012-04-07,1040
2012-04-09,1041
2012-04-11,1046
2012-04-14,1047
2012-04-17,1048
2012-04-18,1049
2012-04-20,1050
2012-04-24,1054
2012-04-27,1055
2012-04-29,1057
2012-05-02,1058
2012-05-03,1059
2012-05-04,1060
2012-05-07,1061
2012-05-10,1062
2012-05-13,1063
2012-05-14,1064
2012-05-15,1065
2012-05-19,1066
2012-05-21,1067
2012-05-23,1068
2012-05-25,1070
2012-05-30,1071
2012-05-31,1073
2012-06-01,1074
2012-06-04,1075
2012-06-05,1076
2012-06-07,1078
2012-06-08,1079
2012-06-11,1080
2012-06-12,1081
2012-06-14,1082
2012-06-16,1083
2012-06-18,1085
2012-06-19,1087
2012-06-20,1088
2012-06-21,1091
2012-06-22,1092
2012-06-24,1093
2012-07-01,1094
2012-07-04,1095
2012-07-05,1096
2012-07-06,1097
2012-07-08,1098
2012-07-09,1099
2012-07-11,1100
2012-07-14,1101
2012-07-16,1102
2012-07-19,1103
2012-07-20,1106
2012-07-21,1107
2012-07-22,1109
2012-07-25,1110
2012-07-26,1112
2012-07-27,1113
2012-07-28,1115
2012-08-02,1118
2012-08-03,1120
2012-08-05,1121
2012-08-08,1122
2012-08-12,1123
2012-08-16,1124
2012-08-23,1125
2012-08-31,1126
2012-09-02,1127
2012-09-04,1128
2012-09-10,1129
2012-09-13,1130
2012-09-25,1132
2012-09-27,1134
2012-09-28,1135
2012-10-03,1136
2012-11-08,1137
2012-11-16,1138
2012-11-21,1139
2012-11-23,1140
2012-11-25,1141
2012-11-30,1142
2012-12-02,1143
2012-12-10,1144
2012-12-18,1145
2013-01-09,1146
2013-01-25,1147
2013-02-09,1148
2013-02-10,1150
2013-02-11,1153
2013-02-12,1155
2013-02-13,1158
2013-02-15,1163
2013-02-16,1168
2013-02-17,1171
2013-02-18,1172
2013-02-19,1179
2013-02-20,1180
2013-02-21,1183
2013-02-22,1184
2013-02-23,1185
2013-02-24,1188
2013-02-25,1190
2013-02-26,1192
2013-02-27,1198
2013-02-28,1199
2013-03-01,1200
2013-03-02,1201
2013-03-03,1202
2013-03-04,1204
2013-03-05,1213
2013-03-06,1215
2013-03-07,1218
2013-03-09,1219
2013-03-10,1224
2013-03-11,1229
2013-03-12,1236
2013-03-13,1237
2013-03-14,1240
2013-03-15,1243
2013-03-16,1248
2013-03-17,1252
2013-03-18,1259
2013-03-19,1262
2013-03-20,1266
2013-03-21,1269
2013-03-22,1272
2013-03-23,1277
2013-03-24,1279
2013-03-25,1287
2013-03-26,1288
2013-03-27,1289
2013-03-28,1295
2013-03-29,1296
2013-03-30,1298
2013-03-31,1299
2013-04-01,1304
2013-04-02,1311
2013-04-03,1318
2013-04-04,1322
2013-04-05,1324
2013-04-06,1326
2013-04-07,1330
2013-04-08,1332
2013-04-09,1335
2013-04-10,1336
2013-04-11,1337
2013-04-12,1338
2013-04-13,1340
2013-04-14,1341
2013-04-15,1346
2013-04-16,1347
2013-04-17,1349
2013-04-18,1351
2013-04-19,1352
2013-04-21,1354
2013-04-22,1358
2013-04-23,1360
2013-04-24,1364
2013-04-25,1365
2013-04-26,1367
2013-04-28,1369
2013-04-29,1370
2013-04-30,1372
2013-05-01,1374
2013-05-02,1379
2013-05-03,1381
2013-05-04,1383
2013-05-05,1384
2013-05-06,1385
2013-05-07,1387
2013-05-08,1388
2013-05-09,1390
2013-05-10,1392
2013-05-11,1393
2013-05-12,1394
2013-05-13,1395
2013-05-14,1399
2013-05-15,1404
2013-05-16,1406
2013-05-17,1408
2013-05-18,1410
2013-05-19,1411
2013-05-20,1417
2013-05-21,1418
2013-05-22,1420
2013-05-23,1422
2013-05-24,1425
2013-05-25,1428
2013-05-26,1430
2013-05-27,1431
2013-05-28,1434
2013-05-31,1435
2013-06-01,1437
2013-06-02,1440
2013-06-03,1443
2013-06-05,1446
2013-06-06,1449
2013-06-07,1454
2013-06-10,1455
2013-06-12,1456
2013-06-13,1458
2013-06-14,1460
2013-06-16,1464
2013-06-17,1467
2013-06-18,1472
2013-06-20,1475
2013-06-21,1476
2013-06-24,1480
2013-06-25,1484
2013-06-26,1485
2013-06-27,1487
2013-06-28,1492
2013-06-29,1493
2013-06-30,1494
2013-07-01,1499
2013-07-03,1507
2013-07-04,1510
2013-07-05,1514
2013-07-06,1515
2013-07-07,1517
2013-07-08,1523
2013-07-09,1527
2013-07-10,1530
2013-07-11,1532
2013-07-12,1534
2013-07-13,1536
2013-07-14,1538
2013-07-15,1540
2013-07-16,1542
2013-07-17,1544
2013-07-18,1545
2013-07-19,1546
2013-07-20,1548
2013-07-21,1550
2013-07-22,1554
2013-07-23,1556
2013-07-24,1559
2013-07-25,1563
2013-07-26,1565
2013-07-27,1568
2013-07-28,1569
2013-07-30,1570
2013-07-31,1576
2013-08-01,1577
2013-08-02,1580
2013-08-03,1581
2013-08-04,1583
2013-08-05,1586
2013-08-06,1587
2013-08-07,1590
2013-08-08,1593
2013-08-09,1595
2013-08-11,1602
2013-08-12,1611
2013-08-13,1613
2013-08-15,1614
2013-08-16,1615
2013-08-17,1618
2013-08-18,1621
2013-08-20,1626
2013-08-22,1629
2013-08-23,1635
2013-08-24,1642
2013-08-25,1643
2013-08-26,1645
2013-08-27,1649
2013-08-28,1652
2013-08-29,1654
2013-08-31,1655
2013-09-01,1657
2013-09-02,1658
2013-09-03,1660
2013-09-04,1662
2013-09-05,1666
2013-09-08,1667
2013-09-09,1674
2013-09-10,1676
2013-09-11,1679
2013-09-13,1682
2013-09-14,1684
2013-09-15,1685
2013-09-16,1686
2013-09-17,1708
2013-09-18,1734
2013-09-19,1745
2013-09-20,1756
2013-09-21,1758
2013-09-22,1765
2013-09-23,1768
2013-09-24,1770
2013-09-25,1775
2013-09-26,1778
2013-09-27,1783
2013-09-28,1787
2013-09-29,1790
2013-09-30,1793
2013-10-01,1794
2013-10-02,1798
2013-10-03,1800
2013-10-04,1802
2013-10-05,1803
2013-10-06,1806
2013-10-07,1808
2013-10-08,1812
2013-10-09,1818
2013-10-10,1822
2013-10-11,1828
2013-10-12,1830
2013-10-13,1832
2013-10-14,1837
2013-10-15,1846
2013-10-16,1851
2013-10-17,1856
2013-10-18,1864
2013-10-19,1868
2013-10-20,1870
2013-10-22,1876
2013-10-23,1884
2013-10-24,1894
2013-10-25,1896
2013-10-26,1898
2013-10-27,1904
2013-10-28,1913
2013-10-29,1916
2013-10-30,1919
2013-10-31,1923
2013-11-01,1926
2013-11-03,1928
2013-11-04,1929
2013-11-05,1934
2013-11-06,1940
2013-11-07,1943
2013-11-08,1944
2013-11-09,1948
2013-11-10,1950
2013-11-11,1956
2013-11-12,1961
2013-11-13,1973
2013-11-14,1977
2013-11-15,1979
2013-11-16,1982
2013-11-17,1984
2013-11-18,1988
2013-11-19,1997
2013-11-20,2002
2013-11-21,2008
2013-11-22,2011
2013-11-23,2013
2013-11-24,2015
2013-11-25,2017
2013-11-26,2021
2013-11-27,2027
2013-11-28,2030
2013-11-29,2032
2013-11-30,2036
2013-12-01,2047
2013-12-02,2051
2013-12-03,2056
2013-12-04,2057
2013-12-05,2062
2013-12-06,2064
2013-12-07,2067
2013-12-08,2069
2013-12-09,2073
2013-12-10,2078
2013-12-11,2080
2013-12-12,2082
2013-12-13,2086
2013-12-14,2089
2013-12-15,2093
2013-12-16,2095
2013-12-17,2102
2013-12-18,2103
2013-12-20,2108
2013-12-21,2109
2013-12-23,2113
2013-12-24,2115
2013-12-26,2116
2013-12-27,2124
2013-12-28,2127
2013-12-29,2128
2013-12-30,2129
2013-12-31,2133
2014-01-01,2134
2014-01-02,2136
2014-01-03,2138
2014-01-05,2140
2014-01-06,2143
2014-01-07,2145
2014-01-08,2146
2014-01-09,2149
2014-01-10,2153
2014-01-11,2157
2014-01-12,2158
2014-01-13,2163
2014-01-15,2166
2014-01-16,2170
2014-01-17,2178
2014-01-18,2180
2014-01-19,2181
2014-01-20,2189
2014-01-21,2195
2014-01-22,2196
2014-01-23,2200
2014-01-24,2202
2014-01-25,2205
2014-01-26,2211
2014-01-27,2214
2014-01-28,2222
2014-01-29,2225
2014-01-30,2227
2014-01-31,2228
2014-02-01,2230
2014-02-02,2232
2014-02-03,2233
2014-02-04,2235
2014-02-05,2241
2014-02-06,2253
2014-02-07,2256
2014-02-08,2260
2014-02-09,2262
2014-02-10,2273
2014-02-11,2278
2014-02-12,2280
2014-02-13,2282
2014-02-14,2286
2014-02-15,2290
2014-02-16,2293
2014-02-17,2295
2014-02-18,2299
2014-02-19,2305
2014-02-20,2310
2014-02-21,2314
2014-02-22,2316
2014-02-23,2320
2014-02-24,2325
2014-02-25,2327
2014-02-26,2330
2014-02-27,2334
2014-02-28,2337
2014-03-01,2338
2014-03-02,2345
2014-03-03,2347
2014-03-04,2351
2014-03-05,2356
2014-03-06,2360
2014-03-07,2366
2014-03-08,2368
2014-03-10,2370
2014-03-11,2373
2014-03-12,2375
2014-03-13,2376
2014-03-14,2380
2014-03-15,2383
2014-03-16,2394
2014-03-17,2399
2014-03-18,2401
2014-03-19,2407
2014-03-20,2410
2014-03-21,2412
2014-03-22,2413
2014-03-23,2417
2014-03-24,2421
2014-03-25,2425
2014-03-26,2426
2014-03-27,2429
2014-03-28,2431
2014-03-29,2432
2014-03-30,2435
2014-03-31,2437
2014-04-01,2442
2014-04-02,2447
2014-04-03,2450
2014-04-04,2454
2014-04-05,2457
2014-04-06,2459
2014-04-07,2463
2014-04-08,2466
2014-04-09,2469
2014-04-10,2470
2014-04-11,2473
2014-04-12,2475
2014-04-13,2480
2014-04-14,2483
2014-04-15,2487
2014-04-16,2488
2014-04-17,2496
2014-04-18,2502
2014-04-19,2505
2014-04-20,2507
2014-04-21,2512
2014-04-22,2516
2014-04-23,2517
2014-04-25,2518
2014-04-26,2519
2014-04-27,2521
2014-04-28,2523
2014-04-29,2525
2014-04-30,2526
2014-05-01,2535
2014-05-02,2540
2014-05-03,2541
2014-05-04,2542
2014-05-05,2547
2014-05-06,2552
2014-05-07,2557
2014-05-08,2559
2014-05-09,2560
2014-05-11,2562
2014-05-12,2564
2014-05-13,2566
2014-05-14,2575
2014-05-15,2579
2014-05-16,2582
2014-05-17,2584
2014-05-18,2586
2014-05-19,2588
2014-05-21,2593
2014-05-22,2596
2014-05-23,2599
2014-05-24,2603
2014-05-25,2605
2014-05-26,2607
2014-05-27,2612
2014-05-28,2617
2014-05-29,2620
2014-05-30,2625
2014-05-31,2631
2014-06-01,2635
2014-06-02,2637
2014-06-03,2640
2014-06-04,2641
2014-06-05,2644
2014-06-06,2646
2014-06-07,2648
2014-06-08,2649
2014-06-09,2653
2014-06-10,2655
2014-06-12,2657
2014-06-13,2659
2014-06-14,2662
2014-06-16,2665
2014-06-17,2669
2014-06-18,2671
2014-06-20,2674
2014-06-21,2678
2014-06-22,2680
2014-06-23,2685
2014-06-24,2686
2014-06-25,2689
2014-06-26,2691
2014-06-27,2695
2014-06-29,2696
2014-06-30,2701
2014-07-01,2703
2014-07-02,2707
2014-07-03,2712
2014-07-04,2715
2014-07-05,2716
2014-07-06,2719
2014-07-07,2721
2014-07-08,2725
2014-07-09,2727
2014-07-10,2733
2014-07-11,2735
2014-07-12,2738
2014-07-13,2739
2014-07-14,2741
2014-07-15,2742
2014-07-16,2747
2014-07-17,2753
2014-07-18,2755
2014-07-19,2757
2014-07-20,2760
2014-07-21,2762
2014-07-22,2767
2014-07-23,2772
2014-07-24,2774
2014-07-25,2778
2014-07-26,2782
2014-07-27,2785
2014-07-28,2787
2014-07-29,2788
2014-07-30,2791
2014-08-01,2796
2014-08-02,2799
2014-08-03,2801
2014-08-04,2804
2014-08-05,2805
2014-08-06,2808
2014-08-08,2813
2014-08-09,2817
2014-08-10,2818
2014-08-11,2820
2014-08-12,2823
2014-08-13,2828
2014-08-14,2829
2014-08-15,2834
2014-08-16,2839
2014-08-17,2840
2014-08-18,2842
2014-08-19,2845
2014-08-20,2849
2014-08-21,2855
2014-08-22,2858
2014-08-23,2859
2014-08-24,2862
2014-08-25,2864
2014-08-26,2867
2014-08-27,2872
2014-08-28,2873
2014-08-29,2877
2014-08-30,2881
2014-08-31,2882
2014-09-01,2884
2014-09-02,2885
2014-09-03,2887
2014-09-04,2889
2014-09-05,2892
2014-09-06,2894
2014-09-07,2896
2014-09-09,2900
2014-09-10,2901
2014-09-11,2905
2014-09-12,2908
2014-09-14,2911
2014-09-15,2913
2014-09-16,2917
2014-09-17,2924
2014-09-18,2925
2014-09-19,2929
2014-09-20,2935
2014-09-21,2936
2014-09-22,2942
2014-09-23,2947
2014-09-24,2949
2014-09-25,2956
2014-09-26,2960
2014-09-28,2962
2014-09-29,2964
2014-09-30,2967
2014-10-01,2975
2014-10-02,2979
2014-10-03,2980
2014-10-04,2982
2014-10-06,2985
2014-10-07,2993
2014-10-08,2994
2014-10-09,2996
2014-10-10,2997
2014-10-11,3002
2014-10-12,3004
2014-10-13,3005
2014-10-14,3008
2014-10-15,3010
2014-10-16,3014
2014-10-17,3018
2014-10-18,3020
2014-10-19,3027
2014-10-20,3045
2014-10-21,3051
2014-10-22,3058
2014-10-23,3064
2014-10-24,3067
2014-10-25,3071
2014-10-26,3073
2014-10-27,3079
2014-10-28,3085
2014-10-30,3087
2014-10-31,3088
2014-11-01,3090
2014-11-02,3093
2014-11-03,3101
2014-11-04,3103
2014-11-05,3107
2014-11-06,3113
2014-11-07,3114
2014-11-08,3120
2014-11-09,3121
2014-11-10,3127
2014-11-11,3130
2014-11-12,3132
2014-11-13,3140
2014-11-14,3144
2014-11-15,3150
2014-11-16,3152
2014-11-17,3157
2014-11-18,3160
2014-11-19,3162
2014-11-20,3166
2014-11-21,3171
2014-11-22,3175
2014-11-23,3180
2014-11-24,3189
2014-11-25,3191
2014-11-27,3193
2014-11-28,3198
2014-11-29,3203
2014-11-30,3204
2014-12-01,3214
2014-12-02,3223
2014-12-03,3230
2014-12-04,3234
2014-12-06,3241
2014-12-07,3242
2014-12-08,3245
2014-12-09,3250
2014-12-10,3256
2014-12-11,3260
2014-12-12,3264
2014-12-13,3268
2014-12-14,3269
2014-12-15,3272
2014-12-16,3282
2014-12-17,3289
2014-12-18,3299
2014-12-19,3305
2014-12-20,3306
2014-12-21,3310
2014-12-22,3312
2014-12-23,3314
2014-12-24,3318
2014-12-25,3320
2014-12-26,3325
2014-12-27,3326
2014-12-28,3327
2014-12-29,3329
2014-12-30,3336
2014-12-31,3338
2015-01-01,3340
2015-01-02,3341
2015-01-03,3345
2015-01-04,3347
2015-01-05,3351
2015-01-06,3355
2015-01-07,3360
2015-01-08,3367
2015-01-09,3372
2015-01-10,3374
2015-01-11,3375
2015-01-12,3378
2015-01-13,3379
2015-01-14,3386
2015-01-15,3391
2015-01-16,3400
2015-01-17,3408
2015-01-18,3412
2015-01-19,3417
2015-01-20,3421
2015-01-21,3423
2015-01-22,3429
2015-01-23,3432
2015-01-24,3437
2015-01-25,3441
2015-01-26,3445
2015-01-27,3447
2015-01-28,3450
2015-01-29,3451
2015-01-30,3456
2015-01-31,3457
2015-02-01,3462
2015-02-02,3464
2015-02-03,3471
2015-02-04,3477
2015-02-05,3482
2015-02-06,3490
2015-02-07,3496
2015-02-08,3504
2015-02-09,3508
2015-02-10,3511
2015-02-11,3515
2015-02-12,3520
2015-02-13,3522
2015-02-14,3525
2015-02-15,3526
2015-02-16,3527
2015-02-17,3532
2015-02-18,3537
2015-02-19,3540
2015-02-20,3543
2015-02-21,3546
2015-02-22,3552
2015-02-23,3558
2015-02-24,3561
2015-02-25,3565
2015-02-26,3573
2015-02-27,3577
2015-02-28,3581
2015-03-01,3582
2015-03-02,3587
2015-03-03,3590
2015-03-04,3597
2015-03-05,3601
2015-03-06,3606
2015-03-07,3609
2015-03-08,3614
2015-03-09,3616
2015-03-10,3617
2015-03-11,3621
2015-03-12,3624
2015-03-13,3632
2015-03-14,3633
2015-03-15,3637
2015-03-16,3641
2015-03-17,3644
2015-03-18,3647
2015-03-19,3653
2015-03-20,3657
2015-03-21,3660
2015-03-22,3665
2015-03-23,3671
2015-03-24,3677
2015-03-25,3682
2015-03-26,3685
2015-03-27,3687
2015-03-28,3689
2015-03-29,3694
2015-03-30,3698
2015-03-31,3703
2015-04-01,3706
2015-04-02,3712
2015-04-03,3714
2015-04-04,3718
2015-04-05,3721
2015-04-06,3724
2015-04-07,3728
2015-04-08,3732
2015-04-09,3734
2015-04-10,3743
2015-04-11,3747
2015-04-12,3748
2015-04-13,3750
2015-04-14,3755
2015-04-15,3761
2015-04-16,3767
2015-04-17,3772
2015-04-18,3775
2015-04-19,3778
2015-04-20,3782
2015-04-21,3786
2015-04-22,3793
2015-04-24,3796
2015-04-25,3800
2015-04-26,3801
2015-04-27,3805
2015-04-28,3810
2015-04-29,3813
2015-04-30,3819
2015-05-01,3821
2015-05-02,3824
2015-05-03,3829
2015-05-04,3832
2015-05-05,3835
2015-05-06,3836
2015-05-07,3840
2015-05-08,3843
2015-05-09,3844
2015-05-10,3846
2015-05-11,3848
2015-05-12,3852
2015-05-13,3855
2015-05-14,3859
2015-05-15,3865
2015-05-16,3867
2015-05-17,3870
2015-05-18,3876
2015-05-19,3882
2015-05-20,3886
2015-05-21,3891
2015-05-22,3893
2015-05-23,3895
2015-05-24,3897
2015-05-25,3898
2015-05-26,3901
2015-05-27,3909
2015-05-28,3914
2015-05-29,3921
2015-05-30,3924
2015-05-31,3927
2015-06-01,3928
2015-06-02,3933
2015-06-03,3934
2015-06-04,3942
2015-06-05,3949
2015-06-06,3952
2015-06-07,3955
2015-06-08,3960
2015-06-09,3964
2015-06-10,3969
2015-06-12,3974
2015-06-13,3976
2015-06-14,3978
2015-06-15,3986
2015-06-16,3990
2015-06-17,3996
2015-06-18,4000
2015-06-19,4003
2015-06-20,4008
2015-06-21,4011
2015-06-22,4013
2015-06-23,4018
2015-06-24,4024
2015-06-25,4027
2015-06-26,4030
2015-06-27,4035
2015-06-28,4038
2015-06-29,4041
2015-06-30,4045
2015-07-01,4046
2015-07-02,4050
2015-07-03,4052
2015-07-04,4057
2015-07-05,4062
2015-07-06,4063
2015-07-07,4066
2015-07-08,4071
2015-07-09,4078
2015-07-10,4086
2015-07-11,4091
2015-07-12,4094
2015-07-13,4104
2015-07-14,4106
2015-07-15,4109
2015-07-16,4113
2015-07-17,4114
2015-07-18,4118
2015-07-19,4120
2015-07-20,4123
2015-07-21,4128
2015-07-22,4131
2015-07-23,4135
2015-07-24,4140
2015-07-25,4142
2015-07-26,4145
2015-07-27,4150
2015-07-28,4157
2015-07-29,4159
2015-07-30,4165
2015-07-31,4172
2015-08-01,4175
2015-08-02,4178
2015-08-03,4179
2015-08-04,4187
2015-08-05,4190
2015-08-06,4195
2015-08-07,4204
2015-08-08,4209
2015-08-09,4210
2015-08-10,4219
2015-08-11,4221
2015-08-12,4231
2015-08-13,4236
2015-08-14,4237
2015-08-15,4241
2015-08-17,4247
2015-08-18,4252
2015-08-19,4255
2015-08-20,4262
2015-08-21,4267
2015-08-22,4269
2015-08-23,4271
2015-08-24,4275
2015-08-25,4276
2015-08-26,4280
2015-08-27,4287
2015-08-28,4289
2015-08-29,4295
2015-08-30,4297
2015-08-31,4300
2015-09-01,4306
2015-09-02,4313
2015-09-03,4318
2015-09-04,4322
2015-09-05,4325
2015-09-06,4328
2015-09-07,4332
2015-09-08,4340
2015-09-09,4343
2015-09-10,4346
2015-09-11,4348
2015-09-12,4354
2015-09-13,4356
2015-09-14,4360
2015-09-15,4366
2015-09-16,4371
2015-09-17,4374
2015-09-18,4377
2015-09-19,4383
2015-09-20,4395
2015-09-21,4405
2015-09-22,4411
2015-09-23,4413
2015-09-24,4420
2015-09-25,4425
2015-09-26,4426
2015-09-27,4430
2015-09-28,4434
2015-09-29,4441
2015-09-30,4442
2015-10-01,4444
2015-10-02,4449
2015-10-03,4455
2015-10-04,4461
2015-10-05,4466
2015-10-06,4468
2015-10-07,4473
2015-10-08,4475
2015-10-09,4479
2015-10-10,4488
2015-10-11,4494
2015-10-12,4498
2015-10-13,4508
2015-10-14,4512
2015-10-15,4517
2015-10-16,4529
2015-10-17,4531
2015-10-18,4533
2015-10-19,4538
2015-10-20,4543
2015-10-21,4549
2015-10-22,4554
2015-10-23,4559
2015-10-24,4560
2015-10-25,4562
2015-10-26,4567
2015-10-27,4572
2015-10-28,4580
2015-10-29,4591
2015-10-30,4594
2015-11-01,4596
2015-11-02,4602
2015-11-03,4609
2015-11-04,4615
2015-11-05,4617
2015-11-06,4620
2015-11-07,4623
2015-11-08,4628
2015-11-09,4631
2015-11-10,4637
2015-11-11,4639
2015-11-12,4643
2015-11-13,4653
2015-11-14,4655
2015-11-15,4656
2015-11-16,4658
2015-11-17,4663
2015-11-18,4675
2015-11-19,4683
2015-11-20,4689
2015-11-21,4692
2015-11-22,4695
2015-11-23,4699
2015-11-24,4704
2015-11-25,4710
2015-11-26,4717
2015-11-27,4727
2015-11-28,4730
2015-11-29,4734
2015-11-30,4743
2015-12-01,4750
2015-12-02,4757
2015-12-03,4767
2015-12-04,4778
2015-12-05,4781
2015-12-06,4786
2015-12-07,4790
2015-12-08,4797
2015-12-09,4803
2015-12-10,4805
2015-12-11,4806
2015-12-12,4810
2015-12-13,4811
2015-12-14,4814
2015-12-16,4821
2015-12-17,4827
2015-12-18,4829
2015-12-19,4832
2015-12-20,4835
2015-12-21,4840
2015-12-22,4841
2015-12-23,4844
2015-12-24,4850
2015-12-25,4855
2015-12-26,4857
2015-12-27,4864
2015-12-28,4867
2015-12-29,4868
2015-12-30,4878
2015-12-31,4879
2016-01-01,4881
2016-01-02,4884
2016-01-03,4886
2016-01-04,4887
2016-01-05,4894
2016-01-06,4897
2016-01-07,4900
2016-01-08,4904
2016-01-10,4905
2016-01-11,4908
2016-01-12,4912
2016-01-13,4915
2016-01-14,4920
2016-01-15,4927
2016-01-17,4932
2016-01-18,4939
2016-01-19,4955
2016-01-20,4963
2016-01-21,4967
2016-01-22,4968
2016-01-23,4971
2016-01-24,4973
2016-01-25,4979
2016-01-26,4983
2016-01-27,4990
2016-01-28,4996
2016-01-29,5001
2016-01-30,5004
2016-01-31,5011
2016-02-01,5015
2016-02-02,5019
2016-02-03,5027
2016-02-04,5032
2016-02-05,5036
2016-02-06,5043
2016-02-07,5044
2016-02-08,5048
2016-02-09,5050
2016-02-10,5051
2016-02-11,5053
2016-02-12,5055
2016-02-13,5059
2016-02-14,5061
2016-02-15,5066
2016-02-16,5074
2016-02-17,5081
2016-02-18,5086
2016-02-19,5089
2016-02-21,5097
2016-02-22,5102
2016-02-23,5110
2016-02-24,5116
2016-02-25,5121
2016-02-26,5125
2016-02-27,5135
2016-02-28,5142
2016-02-29,5147
2016-03-01,5155
2016-03-02,5162
2016-03-03,5171
2016-03-04,5176
2016-03-05,5181
2016-03-06,5185
2016-03-07,5190
2016-03-08,5196
2016-03-09,5205
2016-03-10,5211
2016-03-11,5215
2016-03-12,5219
2016-03-13,5223
2016-03-14,5228
2016-03-15,5231
2016-03-16,5236
2016-03-17,5241
2016-03-18,5244
2016-03-19,5246
2016-03-20,5249
2016-03-21,5256
2016-03-22,5261
2016-03-23,5267
2016-03-24,5275
2016-03-25,5281
2016-03-26,5289
2016-03-27,5295
2016-03-28,5300
2016-03-29,5306
2016-03-30,5314
2016-03-31,5323
2016-04-01,5326
2016-04-02,5329
2016-04-03,5332
2016-04-04,5335
2016-04-05,5339
2016-04-06,5344
2016-04-07,5350
2016-04-08,5360
2016-04-09,5364
2016-04-10,5367
2016-04-11,5372
2016-04-12,5377
2016-04-13,5390
2016-04-14,5395
2016-04-15,5405
2016-04-16,5413
2016-04-17,5416
2016-04-18,5420
2016-04-19,5425
2016-04-20,5429
2016-04-21,5438
2016-04-22,5444
2016-04-23,5450
2016-04-24,5454
2016-04-25,5460
2016-04-26,5467
2016-04-27,5471
2016-04-28,5474
2016-04-29,5480
2016-04-30,5488
2016-05-01,5489
2016-05-02,5494
2016-05-03,5498
2016-05-04,5505
2016-05-05,5509
2016-05-06,5516
2016-05-07,5520
2016-05-08,5527
2016-05-09,5533
2016-05-10,5539
2016-05-11,5550
2016-05-12,5560
2016-05-13,5567
2016-05-14,5571
2016-05-15,5577
2016-05-16,5581
2016-05-17,5586
2016-05-18,5594
2016-05-19,5603
2016-05-20,5610
2016-05-21,5613
2016-05-22,5615
2016-05-23,5624
2016-05-24,5629
2016-05-25,5638
2016-05-26,5646
2016-05-27,5650
2016-05-28,5654
2016-05-29,5658
2016-05-30,5670
2016-05-31,5678
2016-06-01,5685
2016-06-02,5692
2016-06-03,5699
2016-06-04,5702
2016-06-05,5709
2016-06-06,5712
2016-06-07,5715
2016-06-08,5724
2016-06-09,5732
2016-06-10,5735
2016-06-11,5740
2016-06-12,5745
2016-06-13,5753
2016-06-14,5760
2016-06-15,5767
2016-06-16,5773
2016-06-17,5781
2016-06-18,5786
2016-06-19,5791
2016-06-20,5797
2016-06-21,5804
2016-06-22,5809
2016-06-23,5811
2016-06-24,5817
2016-06-25,5822
2016-06-26,5823
2016-06-27,5827
2016-06-28,5832
2016-06-29,5838
2016-06-30,5843
2016-07-01,5848
2016-07-02,5850
2016-07-03,5853
2016-07-04,5855
2016-07-05,5865
2016-07-06,5869
2016-07-07,5878
2016-07-08,5882
2016-07-09,5886
2016-07-10,5891
2016-07-11,5901
2016-07-12,5907
2016-07-13,5915
2016-07-14,5926
2016-07-15,5934
2016-07-16,5939
2016-07-17,5942
2016-07-18,5949
2016-07-19,5954
2016-07-20,5964
2016-07-21,5975
2016-07-22,5981
2016-07-23,5983
2016-07-24,5990
2016-07-25,5995
2016-07-26,6007
2016-07-27,6010
2016-07-28,6017
2016-07-29,6020
2016-07-30,6023
2016-07-31,6026
2016-08-01,6035
2016-08-02,6036
2016-08-03,6043
2016-08-04,6053
2016-08-05,6058
2016-08-06,6064
2016-08-07,6070
2016-08-08,6078
2016-08-09,6089
2016-08-10,6092
2016-08-11,6094
2016-08-12,6100
2016-08-13,6108
2016-08-14,6111
2016-08-15,6124
2016-08-16,6129
2016-08-17,6135
2016-08-18,6142
2016-08-19,6147
2016-08-20,6150
2016-08-21,6154
2016-08-22,6164
2016-08-23,6174
2016-08-24,6178
2016-08-25,6187
2016-08-26,6194
2016-08-27,6195
2016-08-28,6200
2016-08-29,6207
2016-08-30,6214
2016-08-31,6218
2016-09-01,6221
2016-09-02,6225
2016-09-03,6229
2016-09-04,6232
2016-09-05,6235
2016-09-06,6237
2016-09-07,6243
2016-09-08,6251
2016-09-09,6259
2016-09-10,6262
2016-09-11,6266
2016-09-12,6271
2016-09-13,6276
2016-09-14,6284
2016-09-15,6292
2016-09-16,6293
2016-09-17,6295
2016-09-18,6296
2016-09-19,6300
2016-09-20,6305
2016-09-21,6312
2016-09-22,6316
2016-09-23,6322
2016-09-24,6326
2016-09-25,6332
2016-09-26,6343
2016-09-27,6352
2016-09-28,6356
2016-09-29,6360
2016-09-30,6366
2016-10-01,6369
2016-10-02,6373
2016-10-03,6383
2016-10-04,6393
2016-10-05,6399
2016-10-06,6411
2016-10-07,6423
2016-10-08,6432
2016-10-09,6435
2016-10-10,6438
2016-10-11,6444
2016-10-12,6452
2016-10-13,6453
2016-10-14,6461
2016-10-15,6464
2016-10-16,6468
2016-10-17,6474
2016-10-18,6480
2016-10-19,6488
2016-10-20,6501
2016-10-21,6508
2016-10-22,6510
2016-10-23,6516
2016-10-24,6524
2016-10-25,6534
2016-10-26,6543
2016-10-27,6550
2016-10-28,6555
2016-10-29,6563
2016-10-30,6564
2016-10-31,6569
2016-11-01,6578
2016-11-02,6584
2016-11-03,6591
2016-11-04,6599
2016-11-05,6600
2016-11-06,6601
2016-11-07,6607
2016-11-08,6612
2016-11-09,6615
2016-11-10,6622
2016-11-11,6627
2016-11-12,6629
2016-11-13,6632
2016-11-14,6643
2016-11-15,6651
2016-11-16,6652
2016-11-17,6658
2016-11-18,6664
2016-11-19,6671
2016-11-20,6676
2016-11-21,6682
2016-11-22,6688
2016-11-23,6700
2016-11-24,6708
2016-11-25,6710
2016-11-26,6713
2016-11-27,6719
2016-11-28,6731
2016-11-29,6737
2016-11-30,6745
2016-12-01,6756
2016-12-02,6764
2016-12-03,6767
2016-12-04,6769
2016-12-05,6774
2016-12-06,6780
2016-12-07,6785
2016-12-08,6786
2016-12-09,6791
2016-12-10,6796
2016-12-11,6802
2016-12-12,6808
2016-12-13,6810
2016-12-14,6819
2016-12-15,6822
2016-12-16,6829
2016-12-17,6832
2016-12-18,6838
2016-12-19,6846
2016-12-20,6855
2016-12-21,6858
2016-12-22,6866
2016-12-23,6873
2016-12-24,6877
2016-12-25,6884
2016-12-26,6885
2016-12-27,6900
2016-12-28,6905
2016-12-29,6913
2016-12-30,7007
2016-12-31,7061
2017-01-01,7114
2017-01-02,7144
2017-01-03,7168
2017-01-04,7191
2017-01-05,7212
2017-01-06,7226
2017-01-07,7237
2017-01-08,7241
2017-01-09,7258
2017-01-10,7268
2017-01-11,7279
2017-01-12,7285
2017-01-13,7295
2017-01-14,7302
2017-01-15,7309
2017-01-16,7320
2017-01-17,7333
2017-01-18,7343
2017-01-19,7360
2017-01-20,7387
2017-01-21,7412
2017-01-22,7425
2017-01-23,7446
2017-01-24,7461
2017-01-25,7474
2017-01-26,7485
2017-01-27,7498
2017-01-28,7507
2017-01-29,7516
2017-01-30,7531
2017-01-31,7541
2017-02-01,7549
2017-02-02,7559
2017-02-03,7574
2017-02-04,7583
2017-02-05,7589
2017-02-06,7595
2017-02-07,7603
2017-02-08,7614
2017-02-09,7624
2017-02-10,7633
2017-02-11,7638
2017-02-12,7647
2017-02-13,7656
2017-02-14,7669
2017-02-15,7675
2017-02-16,7681
2017-02-17,7690
2017-02-18,7694
2017-02-19,7702
2017-02-20,7714
2017-02-21,7729
2017-02-22,7741
2017-02-23,7754
2017-02-24,7765
2017-02-25,7772
2017-02-26,7785
2017-02-27,7797
2017-02-28,7814
2017-03-01,7827
2017-03-02,7838
2017-03-03,7848
2017-03-04,7863
2017-03-05,7881
2017-03-06,7889
2017-03-07,7902
2017-03-08,7910
2017-03-09,7926
2017-03-10,7939
2017-03-11,7943
2017-03-12,7952
2017-03-13,7966
2017-03-14,7973
2017-03-15,7982
2017-03-16,7988
2017-03-17,8001
2017-03-18,8005
2017-03-19,8012
2017-03-20,8026
2017-03-21,8036
2017-03-22,8050
2017-03-23,8058
2017-03-24,8073
2017-03-25,8086
2017-03-26,8093
2017-03-27,8101
2017-03-28,8120
2017-03-29,8142
2017-03-30,8200
2017-03-31,8220
2017-04-01,8229
2017-04-02,8238
2017-04-03,8248
2017-04-04,8259
2017-04-05,8269
2017-04-06,8280
2017-04-07,8288
2017-04-08,8299
2017-04-09,8308
2017-04-10,8324
2017-04-11,8333
2017-04-12,8346
2017-04-13,8361
2017-04-14,8374
2017-04-15,8383
2017-04-16,8391
2017-04-17,8399
2017-04-18,8410
2017-04-19,8422
2017-04-20,8434
2017-04-21,8444
2017-04-22,8450
2017-04-23,8459
2017-04-24,8466
2017-04-25,8475
2017-04-26,8484
2017-04-27,8497
2017-04-28,8508
2017-04-29,8516
2017-04-30,8522
2017-05-01,8529
2017-05-02,8540
2017-05-03,8552
2017-05-04,8565
2017-05-05,8578
2017-05-06,8591
2017-05-07,8600
2017-05-08,8619
2017-05-09,8628
2017-05-10,8639
2017-05-11,8650
2017-05-12,8657
2017-05-13,8665
2017-05-14,8666
2017-05-15,8684
2017-05-16,8691
2017-05-17,8701
2017-05-18,8711
2017-05-19,8719
2017-05-20,8728
2017-05-21,8733
2017-05-22,8745
2017-05-23,8761
2017-05-24,8774
2017-05-25,8785
2017-05-26,8793
2017-05-27,8801
2017-05-28,8805
2017-05-29,8816
2017-05-30,8825
2017-05-31,8834
2017-06-01,8851
2017-06-02,8856
2017-06-03,8859
2017-06-04,8869
2017-06-05,8879
2017-06-06,8885
2017-06-07,8896
2017-06-08,8903
2017-06-09,8915
2017-06-10,8927
2017-06-11,8930
2017-06-12,8939
2017-06-13,8951
2017-06-14,8960
2017-06-15,8972
2017-06-16,8977
2017-06-17,8983
2017-06-18,8987
2017-06-19,8991
2017-06-20,9002
2017-06-21,9012
2017-06-22,9024
2017-06-23,9032
2017-06-24,9035
2017-06-25,9036
2017-06-26,9043
2017-06-27,9049
2017-06-28,9061
2017-06-29,9074
2017-06-30,9109
2017-07-01,9132
2017-07-02,9141
2017-07-03,9149
2017-07-04,9159
2017-07-05,9170
2017-07-06,9185
2017-07-07,9200
2017-07-08,9207
2017-07-09,9212
2017-07-10,9221
2017-07-11,9239
2017-07-12,9252
2017-07-13,9261
2017-07-14,9274
2017-07-15,9287
2017-07-16,9300
2017-07-17,9314
2017-07-18,9331
2017-07-19,9343
2017-07-20,9352
2017-07-21,9364
2017-07-22,9370
2017-07-23,9378
2017-07-24,9385
2017-07-25,9395
2017-07-26,9403
2017-07-27,9417
2017-07-28,9423
2017-07-29,9433
2017-07-30,9440
2017-07-31,9448
2017-08-01,9464
2017-08-02,9471
2017-08-03,9481
2017-08-04,9486
2017-08-05,9494
2017-08-06,9501
2017-08-07,9505
2017-08-08,9517
2017-08-09,9526
2017-08-10,9537
2017-08-11,9548
2017-08-12,9556
2017-08-13,9563
2017-08-14,9569
2017-08-15,9579
2017-08-16,9591
2017-08-17,9599
2017-08-18,9608
2017-08-19,9613
2017-08-20,9619
2017-08-21,9628
2017-08-22,9643
2017-08-23,9648
2017-08-24,9661
2017-08-25,9669
2017-08-26,9672
2017-08-27,9679
2017-08-28,9691
2017-08-29,9699
2017-08-30,9704
2017-08-31,9711
2017-09-01,9720
2017-09-02,9721
2017-09-03,9725
2017-09-04,9740
2017-09-05,9751
2017-09-06,9770
2017-09-07,9784
2017-09-08,9790
2017-09-09,9801
2017-09-10,9807
2017-09-11,9812
2017-09-12,9822
2017-09-13,9830
2017-09-14,9844
2017-09-15,9864
2017-09-16,9876
2017-09-17,9886
2017-09-18,9901
2017-09-19,9918
2017-09-20,9933
2017-09-21,9940
2017-09-22,9951
2017-09-23,9958
2017-09-24,9963
2017-09-25,9972
2017-09-26,9987
2017-09-27,10002
2017-09-28,10017
2017-09-29,10027
2017-09-30,10035
2017-10-01,10047
2017-10-02,10054
2017-10-03,10062
2017-10-04,10072
2017-10-05,10081
2017-10-06,10088
2017-10-07,10089
2017-10-08,10092
2017-10-09,10097
2017-10-10,10113
2017-10-11,10135
2017-10-12,10159
2017-10-13,10187
2017-10-14,10204
2017-10-15,10214
2017-10-16,10222
2017-10-17,10240
2017-10-18,10254
2017-10-19,10269
2017-10-20,10283
2017-10-21,10301
2017-10-22,10314
2017-10-23,10325
2017-10-24,10342
2017-10-25,10358
2017-10-26,10379
2017-10-27,10399
2017-10-28,10410
2017-10-29,10424
2017-10-30,10443
2017-10-31,10464
2017-11-01,10480
2017-11-02,10499
2017-11-03,10521
2017-11-04,10531
2017-11-05,10538
2017-11-06,10557
2017-11-07,10568
2017-11-08,10583
2017-11-09,10602
2017-11-10,10608
2017-11-11,10612
2017-11-12,10621
2017-11-13,10640
2017-11-14,10651
2017-11-15,10659
2017-11-16,10671
2017-11-17,10687
2017-11-18,10699
2017-11-19,10706
2017-11-20,10722
2017-11-21,10736
2017-11-22,10743
2017-11-23,10754
2017-11-24,10765
2017-11-25,10771
2017-11-26,10778
2017-11-27,10793
2017-11-28,10803
2017-11-29,10810
2017-11-30,10825
2017-12-01,10838
2017-12-02,10850
2017-12-03,10859
2017-12-04,10867
2017-12-05,10887
2017-12-06,10900
2017-12-07,10914
2017-12-08,10930
2017-12-09,10944
2017-12-10,10956
2017-12-11,10969
2017-12-12,10979
2017-12-13,10996
2017-12-14,11011
2017-12-15,11020
2017-12-16,11026
2017-12-17,11034
2017-12-18,11042
2017-12-19,11055
2017-12-20,11069
2017-12-21,11083
2017-12-22,11093
2017-12-23,11101
2017-12-24,11112
2017-12-25,11121
2017-12-26,11146
2017-12-27,11175
2017-12-28,11189
2017-12-29,11207
2017-12-30,11213
2017-12-31,11221
2018-01-01,11226
2018-01-02,11240
2018-01-03,11261
2018-01-04,11272
2018-01-05,11282
2018-01-06,11285
2018-01-07,11293
2018-01-08,11304
2018-01-09,11318
2018-01-10,11333
2018-01-11,11348
2018-01-12,11370
2018-01-13,11381
2018-01-14,11393
2018-01-15,11403
2018-01-16,11420
2018-01-17,11435
2018-01-18,11452
2018-01-19,11469
2018-01-20,11484
2018-01-21,11496
2018-01-22,11514
2018-01-23,11526
2018-01-24,11541
2018-01-25,11557
2018-01-26,11571
2018-01-27,11583
2018-01-28,11593
2018-01-29,11610
2018-01-30,11623
2018-01-31,11633
2018-02-01,11651
2018-02-02,11657
2018-02-03,11662
2018-02-04,11674
2018-02-05,11688
2018-02-06,11698
2018-02-07,11715
2018-02-08,11727
2018-02-09,11736
2018-02-10,11747
2018-02-11,11763
2018-02-12,11770
2018-02-13,11785
2018-02-14,11794
2018-02-15,11801
2018-02-16,11808
2018-02-17,11817
2018-02-18,11835
2018-02-19,11847
2018-02-20,11864
2018-02-21,11881
2018-02-22,11887
2018-02-23,11899
2018-02-24,11916
2018-02-25,11936
2018-02-26,11953
2018-02-27,11971
2018-02-28,11986
2018-03-01,12004
2018-03-02,12017
2018-03-03,12030
2018-03-04,12038
2018-03-05,12063
2018-03-06,12095
2018-03-07,12121
2018-03-08,12138
2018-03-09,12154
2018-03-10,12205
2018-03-11,12237
2018-03-12,12249
2018-03-13,12268
2018-03-14,12285
2018-03-15,12300
2018-03-16,12321
2018-03-17,12334
2018-03-18,12350
2018-03-19,12374
2018-03-20,12385
2018-03-21,12397
2018-03-22,12403
2018-03-23,12413
2018-03-24,12420
2018-03-25,12423
2018-03-26,12436
2018-03-27,12445
2018-03-28,12463
2018-03-29,12481
2018-03-30,12486
2018-03-31,12500
2018-04-01,12512
2018-04-02,12528
2018-04-03,12536
2018-04-04,12549
2018-04-05,12563
2018-04-06,12574
2018-04-07,12581
2018-04-08,12590
2018-04-09,12598
2018-04-10,12611
2018-04-11,12620
2018-04-12,12628
2018-04-13,12639
2018-04-14,12651
2018-04-15,12665
2018-04-16,12681
2018-04-17,12694
2018-04-18,12715
2018-04-19,12730
2018-04-20,12738
2018-04-21,12746
2018-04-22,12757
2018-04-23,12773
2018-04-24,12787
2018-04-25,12802
2018-04-26,12818
2018-04-27,12836
2018-04-28,12844
2018-04-29,12856
2018-04-30,12875
2018-05-01,12892
2018-05-02,12902
2018-05-03,12921
2018-05-04,12942
2018-05-05,12953
2018-05-06,12961
2018-05-07,12979
2018-05-08,12997
2018-05-09,13009
2018-05-10,13032
2018-05-11,13046
2018-05-12,13050
2018-05-13,13061
2018-05-14,13074
2018-05-15,13094
2018-05-16,13111
2018-05-17,13126
2018-05-18,13131
2018-05-19,13143
2018-05-20,13152
2018-05-21,13169
2018-05-22,13181
2018-05-23,13204
2018-05-24,13224
2018-05-25,13240
2018-05-26,13249
2018-05-27,13254
2018-05-28,13264
2018-05-29,13277
2018-05-30,13290
2018-05-31,13307
2018-06-01,13319
2018-06-02,13325
2018-06-03,13330
2018-06-04,13349
2018-06-05,13365
2018-06-06,13388
2018-06-07,13409
2018-06-08,13420
2018-06-09,13428
2018-06-10,13441
2018-06-11,13465
2018-06-12,13479
2018-06-13,13489
2018-06-14,13504
2018-06-15,13521
2018-06-16,13525
2018-06-17,13533
2018-06-18,13543
2018-06-19,13558
2018-06-20,13570
2018-06-21,13579
2018-06-22,13588
2018-06-23,13606
2018-06-24,13614
2018-06-25,13624
2018-06-26,13639
2018-06-27,13661
2018-06-28,13675
2018-06-29,13683
2018-06-30,13690
2018-07-01,13698
2018-07-02,13713
2018-07-03,13726
2018-07-04,13737
2018-07-05,13753
2018-07-06,13769
2018-07-07,13773
2018-07-08,13780
2018-07-09,13795
2018-07-10,13807
2018-07-11,13817
2018-07-12,13836
2018-07-13,13850
2018-07-14,13870
2018-07-15,13887
2018-07-16,13898
2018-07-17,13919
2018-07-18,13935
2018-07-19,13955
2018-07-20,13962
2018-07-21,13966
2018-07-22,13975
2018-07-23,13992
2018-07-24,14009
2018-07-25,14039
2018-07-26,14056
2018-07-27,14065
2018-07-28,14070
2018-07-29,14078
2018-07-30,14091
2018-07-31,14102
2018-08-01,14120
2018-08-02,14146
2018-08-03,14164
2018-08-04,14169
2018-08-05,14183
2018-08-06,14195
2018-08-07,14207
2018-08-08,14230
2018-08-09,14239
2018-08-10,14256
2018-08-11,14267
2018-08-12,14273
2018-08-13,14286
2018-08-14,14303
2018-08-15,14333
2018-08-16,14351
2018-08-17,14363
2018-08-18,14373
2018-08-19,14389
2018-08-20,14401
2018-08-21,14417
2018-08-22,14436
2018-08-23,14454
2018-08-24,14466
2018-08-25,14477
2018-08-26,14492
2018-08-27,14511
2018-08-28,14525
2018-08-29,14538
2018-08-30,14555
2018-08-31,14568
2018-09-01,14578
2018-09-02,14591
2018-09-03,14605
2018-09-04,14618
2018-09-05,14627
2018-09-06,14634
2018-09-07,14646
2018-09-08,14653
2018-09-09,14661
2018-09-10,14675
2018-09-11,14700
2018-09-12,14712
2018-09-13,14727
2018-09-14,14746
2018-09-15,14753
2018-09-16,14760
2018-09-17,14771
2018-09-18,14789
2018-09-19,14796
2018-09-20,14803
2018-09-21,14814
2018-09-22,14822
2018-09-23,14837
2018-09-24,14855
2018-09-25,14871
2018-09-26,14881
2018-09-27,14897
2018-09-28,14907
2018-09-29,14914
2018-09-30,14922
2018-10-01,14949
2018-10-02,14975
2018-10-03,14992
2018-10-04,15001
2018-10-05,15011
2018-10-06,15021
2018-10-07,15029
2018-10-08,15042
2018-10-09,15064
2018-10-10,15081
2018-10-11,15095
2018-10-12,15111
2018-10-13,15127
2018-10-14,15141
2018-10-15,15158
2018-10-16,15171
2018-10-17,15191
2018-10-18,15200
2018-10-19,15211
2018-10-20,15214
2018-10-21,15224
2018-10-22,15238
2018-10-23,15251
2018-10-24,15260
2018-10-25,15276
2018-10-26,15289
2018-10-27,15303
2018-10-28,15314
2018-10-29,15329
2018-10-30,15341
2018-10-31,15358
2018-11-01,15400
2018-11-02,15434
2018-11-03,15447
2018-11-04,15456
2018-11-05,15472
2018-11-06,15481
2018-11-07,15497
2018-11-08,15506
2018-11-09,15520
2018-11-10,15530
2018-11-11,15536
2018-11-12,15549
2018-11-13,15565
2018-11-14,15586
2018-11-15,15602
2018-11-16,15614
2018-11-17,15626
2018-11-18,15636
2018-11-19,15654
2018-11-20,15675
2018-11-21,15695
2018-11-22,15722
2018-11-23,15739
2018-11-24,15758
2018-11-25,15775
2018-11-26,15791
2018-11-27,15816
2018-11-28,15840
2018-11-29,15854
2018-11-30,15876
2018-12-01,15886
2018-12-02,15899
2018-12-03,15914
2018-12-04,15935
2018-12-05,15955
2018-12-06,15967
2018-12-07,15985
2018-12-08,15995
2018-12-09,16001
2018-12-10,16012
2018-12-11,16023
2018-12-12,16036
2018-12-13,16058
2018-12-14,16071
2018-12-15,16081
2018-12-16,16096
2018-12-17,16114
2018-12-18,16127
2018-12-19,16143
2018-12-20,16155
2018-12-21,16161
2018-12-22,16175
2018-12-23,16182
2018-12-24,16197
2018-12-25,16210
2018-12-26,16221
2018-12-27,16242
2018-12-28,16273
2018-12-29,16284
2018-12-30,16293
2018-12-31,16301
2019-01-01,16305
2019-01-02,16319
2019-01-03,16333
2019-01-04,16343
2019-01-05,16349
2019-01-06,16355
2019-01-07,16365
2019-01-08,16378
2019-01-09,16395
2019-01-10,16407
2019-01-11,16416
2019-01-12,16421
2019-01-13,16430
2019-01-14,16442
2019-01-15,16453
2019-01-16,16464
2019-01-17,16480
2019-01-18,16496
2019-01-19,16505
2019-01-20,16512
2019-01-21,16525
2019-01-22,16534
2019-01-23,16551
2019-01-24,16567
2019-01-25,16587
2019-01-26,16598
2019-01-27,16609
2019-01-28,16623
2019-01-29,16636
2019-01-30,16649
2019-01-31,16664
2019-02-01,16679
2019-02-02,16692
2019-02-03,16705
2019-02-04,16713
2019-02-05,16724
2019-02-06,16735
2019-02-07,16751
2019-02-08,16762
2019-02-09,16766
2019-02-10,16779
2019-02-11,16794
2019-02-12,16811
2019-02-13,16826
2019-02-14,16837
2019-02-15,16848
2019-02-16,16859
2019-02-17,16870
2019-02-18,16882
2019-02-19,16901
2019-02-20,16912
2019-02-21,16924
2019-02-22,16946
2019-02-23,16957
2019-02-24,16964
2019-02-25,16976
2019-02-26,16994
2019-02-27,17016
2019-02-28,17037
2019-03-01,17041
2019-03-02,17050
2019-03-03,17063
2019-03-04,17075
2019-03-05,17088
2019-03-06,17102
2019-03-07,17118
2019-03-08,17134
2019-03-09,17144
2019-03-10,17159
2019-03-11,17171
2019-03-12,17188
2019-03-13,17200
2019-03-14,17210
2019-03-15,17226
2019-03-16,17234
2019-03-17,17240
2019-03-18,17256
2019-03-19,17273
2019-03-20,17290
2019-03-21,17300
2019-03-22,17317
2019-03-23,17328
2019-03-24,17339
2019-03-25,17360
2019-03-26,17378
2019-03-27,17396
2019-03-28,17417
2019-03-29,17433
2019-03-30,17441
2019-03-31,17453
2019-04-01,17475
2019-04-02,17488
2019-04-03,17498
2019-04-04,17509
2019-04-05,17522
2019-04-06,17528
2019-04-07,17537
2019-04-08,17549
2019-04-09,17566
2019-04-10,17583
2019-04-11,17599
2019-04-12,17613
2019-04-13,17638
2019-04-14,17666
2019-04-15,17681
2019-04-16,17699
2019-04-17,17709
2019-04-18,17738
2019-04-19,17763
2019-04-20,17769
2019-04-21,17780
2019-04-22,17797
2019-04-23,17813
2019-04-24,17835
2019-04-25,17854
2019-04-26,17893
2019-04-27,17911
2019-04-28,17921
2019-04-29,17932
2019-04-30,17946
2019-05-01,17953
2019-05-02,17968
2019-05-03,17977
2019-05-04,17987
2019-05-05,17996
2019-05-06,18025
2019-05-07,18046
2019-05-08,18063
2019-05-09,18084
2019-05-10,18098
2019-05-11,18109
2019-05-12,18133
2019-05-13,18148
2019-05-14,18162
2019-05-15,18171
2019-05-16,18186
2019-05-17,18195
2019-05-18,18208
2019-05-19,18217
2019-05-20,18238
2019-05-21,18258
2019-05-22,18270
2019-05-23,18286
2019-05-24,18299
2019-05-25,18311
2019-05-26,18329
2019-05-27,18346
2019-05-28,18359
2019-05-29,18367
2019-05-30,18382
2019-05-31,18383
2019-06-01,18390
2019-06-02,18398
2019-06-03,18414
2019-06-04,18430
2019-06-05,18447
2019-06-06,18461
2019-06-07,18470
2019-06-08,18479
2019-06-09,18493
2019-06-10,18504
2019-06-11,18520
2019-06-12,18534
2019-06-13,18545
2019-06-14,18558
2019-06-15,18566
2019-06-16,18573
2019-06-17,18594
2019-06-18,18606
2019-06-19,18621
2019-06-20,18643
2019-06-21,18656
2019-06-22,18666
2019-06-23,18674
2019-06-24,18691
2019-06-25,18706
2019-06-26,18723
2019-06-27,18733
2019-06-28,18743
2019-06-29,18754
2019-06-30,18766
2019-07-01,18785
2019-07-02,18798
2019-07-03,18818
2019-07-04,18830
2019-07-05,18844
2019-07-06,18855
2019-07-07,18862
2019-07-08,18869
2019-07-09,18884
2019-07-10,18901
2019-07-11,18918
2019-07-12,18934
2019-07-13,18945
2019-07-14,18963
2019-07-15,18980
2019-07-16,19002
2019-07-17,19018
2019-07-18,19029
2019-07-19,19052
2019-07-20,19064
2019-07-21,19077
2019-07-22,19091
2019-07-23,19117
2019-07-24,19131
2019-07-25,19142
2019-07-26,19160
2019-07-27,19166
2019-07-28,19177
2019-07-29,19185
2019-07-30,19205
2019-07-31,19224
2019-08-01,19240
2019-08-02,19257
2019-08-03,19274
2019-08-04,19286
2019-08-05,19299
2019-08-06,19317
2019-08-07,19335
2019-08-08,19348
2019-08-09,19367
2019-08-10,19374
2019-08-11,19382
2019-08-12,19402
2019-08-13,19421
2019-08-14,19435
2019-08-15,19447
2019-08-16,19458
2019-08-17,19468
2019-08-18,19476
2019-08-19,19486
2019-08-20,19500
2019-08-21,19515
2019-08-22,19526
2019-08-23,19543
2019-08-24,19549
2019-08-25,19563
2019-08-26,19586
2019-08-27,19610
2019-08-28,19629
2019-08-29,19648
2019-08-30,19659
2019-08-31,19665
2019-09-01,19678
2019-09-02,19715
2019-09-03,19744
2019-09-04,19766
2019-09-05,19782
2019-09-06,19796
2019-09-07,19807
2019-09-08,19820
2019-09-09,19831
2019-09-10,19846
2019-09-11,19857
2019-09-12,19870
2019-09-13,19880
2019-09-14,19885
2019-09-15,19891
2019-09-16,19906
2019-09-17,19914
2019-09-18,19932
2019-09-19,19947
2019-09-20,19959
2019-09-21,19965
2019-09-22,19974
2019-09-23,19991
2019-09-24,20001
2019-09-25,20021
2019-09-26,20031
2019-09-27,20052
2019-09-28,20062
2019-09-29,20069
2019-09-30,20080
2019-10-01,20096
2019-10-02,20128
2019-10-03,20195
2019-10-04,20219
2019-10-05,20229
2019-10-06,20243
2019-10-07,20255
2019-10-08,20278
2019-10-09,20299
2019-10-10,20311
2019-10-11,20331
2019-10-12,20346
2019-10-13,20362
2019-10-14,20383
2019-10-15,20401
2019-10-16,20411
2019-10-17,20429
2019-10-18,20443
2019-10-19,20452
2019-10-20,20464
2019-10-21,20482
2019-10-22,20499
2019-10-23,20514
2019-10-24,20528
2019-10-25,20545
2019-10-26,20553
2019-10-27,20562
2019-10-28,20583
2019-10-29,20604
2019-10-30,20623
2019-10-31,20634
2019-11-01,20647
2019-11-02,20653
2019-11-03,20667
2019-11-04,20686
2019-11-05,20695
2019-11-06,20711
2019-11-07,20730
2019-11-08,20787
2019-11-09,20802
2019-11-10,20821
2019-11-11,20837
2019-11-12,20862
2019-11-13,20873
2019-11-14,20880
2019-11-15,20891
2019-11-16,20898
2019-11-17,20906
2019-11-18,20912
2019-11-19,20926
2019-11-20,20942
2019-11-21,20955
2019-11-22,20967
2019-11-23,20976
2019-11-24,20985
2019-11-25,20995
2019-11-26,21007
2019-11-27,21024
2019-11-28,21035
2019-11-29,21046
2019-11-30,21056
2019-12-01,21064
2019-12-02,21080
2019-12-03,21094
2019-12-04,21108
2019-12-05,21123
2019-12-06,21138
2019-12-07,21143
2019-12-08,21157
2019-12-09,21170
2019-12-10,21182
2019-12-11,21198
2019-12-12,21211
2019-12-13,21225
2019-12-14,21238
2019-12-15,21246
2019-12-16,21259
2019-12-17,21269
2019-12-18,21283
2019-12-19,21295
2019-12-20,21307
2019-12-21,21317
2019-12-22,21324
2019-12-23,21336
2019-12-24,21346
2019-12-25,21363
2019-12-26,21373
2019-12-27,21378
2019-12-28,21385
2019-12-29,21391
2019-12-30,21400
2019-12-31,21412
2020-01-01,21421
2020-01-02,21433
2020-01-03,21443
2020-01-04,21461
2020-01-05,21471
2020-01-06,21487
2020-01-07,21495
2020-01-08,21512
2020-01-09,21527
2020-01-10,21547
2020-01-11,21558
2020-01-12,21575
2020-01-13,21585
2020-01-14,21607
2020-01-15,21620
2020-01-16,21630
2020-01-17,21644
2020-01-18,21654
2020-01-19,21665
2020-01-20,21675
2020-01-21,21689
2020-01-22,21698
2020-01-23,21713
2020-01-24,21730
2020-01-25,21747
2020-01-26,21758
2020-01-27,21774
2020-01-28,21794
2020-01-29,21808
2020-01-30,21840
2020-01-31,21859
2020-02-01,21876
2020-02-02,21889
2020-02-03,21904
2020-02-04,21925
2020-02-05,21948
2020-02-06,21969
2020-02-07,21996
2020-02-08,22009
2020-02-09,22021
2020-02-10,22038
2020-02-11,22059
2020-02-12,22076
2020-02-13,22096
2020-02-14,22107
2020-02-15,22117
2020-02-16,22132
2020-02-17,22145
2020-02-18,22164
2020-02-19,22181
2020-02-20,22196
2020-02-21,22213
2020-02-22,22228
2020-02-23,22244
2020-02-24,22257
2020-02-25,22276
2020-02-26,22292
2020-02-27,22304
2020-02-28,22318
2020-02-29,22322
2020-03-01,22337
2020-03-02,22346
2020-03-03,22367
2020-03-04,22389
2020-03-05,22405
2020-03-06,22421
2020-03-07,22433
2020-03-08,22445
2020-03-09,22465
2020-03-10,22480
2020-03-11,22490
2020-03-12,22502
2020-03-13,22514
2020-03-14,22525
2020-03-15,22537
2020-03-16,22545
2020-03-17,22557
2020-03-18,22568
2020-03-19,22584
2020-03-20,22593
2020-03-21,22605
2020-03-22,22617
2020-03-23,22627
2020-03-24,22640
2020-03-25,22651
2020-03-26,22661
2020-03-27,22673
2020-03-28,22690
2020-03-29,22713
2020-03-30,22724
2020-03-31,22737
2020-04-01,22751
2020-04-02,22764
2020-04-03,22780
2020-04-04,22797
2020-04-05,22817
2020-04-06,22827
2020-04-07,22837
2020-04-08,22853
2020-04-09,22870
2020-04-10,22891
2020-04-11,22907
2020-04-12,22922
2020-04-13,22939
2020-04-14,22959
2020-04-15,22972
2020-04-16,22989
2020-04-17,23006
2020-04-18,23025
2020-04-19,23038
2020-04-20,23057
2020-04-21,23075
2020-04-22,23094
2020-04-23,23109
2020-04-24,23128
2020-04-25,23144
2020-04-26,23161
2020-04-27,23178
2020-04-28,23191
2020-04-29,23209
2020-04-30,23224
2020-05-01,23236
2020-05-02,23258
2020-05-03,23277
2020-05-04,23300
2020-05-05,23324
2020-05-06,23346
2020-05-07,23369
2020-05-08,23387
2020-05-09,23397
2020-05-10,23417
2020-05-11,23432
2020-05-12,23451
2020-05-13,23468
2020-05-14,23491
2020-05-15,23511
2020-05-16,23528
2020-05-17,23541
2020-05-18,23553
2020-05-19,23567
2020-05-20,23587
2020-05-21,23602
2020-05-22,23621
2020-05-23,23632
2020-05-24,23647
2020-05-25,23660
2020-05-26,23676
2020-05-27,23692
2020-05-28,23711
2020-05-29,23724
2020-05-30,23733
2020-05-31,23750
2020-06-01,23767
2020-06-02,23788
2020-06-03,23808
2020-06-04,23820
2020-06-05,23834
2020-06-06,23847
2020-06-07,23860
2020-06-08,23871
2020-06-09,23886
2020-06-10,23903
2020-06-11,23916
2020-06-12,23931
2020-06-13,23940
2020-06-14,23951
2020-06-15,23966
2020-06-16,23982
2020-06-17,23992
2020-06-18,24003
2020-06-19,24014
2020-06-20,24021
2020-06-21,24040
2020-06-22,24051
2020-06-23,24067
2020-06-24,24078
2020-06-25,24091
2020-06-26,24100
2020-06-27,24107
2020-06-28,24121
2020-06-29,24137
2020-06-30,24144
2020-07-01,24154
2020-07-02,24165
2020-07-03,24177
2020-07-04,24191
2020-07-05,24203
2020-07-06,24223
2020-07-07,24243
2020-07-08,24255
2020-07-09,24268
2020-07-10,24275
2020-07-11,24288
2020-07-12,24304
2020-07-13,24309
2020-07-14,24317
2020-07-15,24337
2020-07-16,24352
2020-07-17,24369
2020-07-18,24384
2020-07-19,24398
2020-07-20,24410
2020-07-21,24422
2020-07-22,24439
2020-07-23,24457
2020-07-24,24476
2020-07-25,24488
2020-07-26,24502
2020-07-27,24515
2020-07-28,24525
2020-07-29,24543
2020-07-30,24551
2020-07-31,24568
2020-08-01,24583
2020-08-02,24587
2020-08-03,24597
2020-08-04,24612
2020-08-05,24627
2020-08-06,24637
2020-08-07,24651
2020-08-08,24656
2020-08-09,24666
2020-08-10,24679
2020-08-11,24693
2020-08-12,24713
2020-08-13,24731
2020-08-14,24737
2020-08-15,24739
2020-08-16,24746
2020-08-17,24755
2020-08-18,24767
2020-08-19,24782
2020-08-20,24799
2020-08-21,24810
2020-08-22,24819
2020-08-23,24832
2020-08-24,24849
2020-08-25,24863
2020-08-26,24870
2020-08-27,24885
2020-08-28,24900
2020-08-29,24912
2020-08-30,24918
2020-08-31,24934
2020-09-01,24950
2020-09-02,24968
2020-09-03,24974
2020-09-04,24983
2020-09-05,24995
2020-09-06,25001
2020-09-07,25011
2020-09-08,25029
2020-09-09,25048
2020-09-10,25060
2020-09-11,25074
2020-09-12,25084
2020-09-13,25101
2020-09-14,25110
2020-09-15,25128
2020-09-16,25149
2020-09-17,25164
2020-09-18,25175
2020-09-19,25183
2020-09-20,25195
2020-09-21,25205
2020-09-22,25220
2020-09-23,25236
2020-09-24,25250
2020-09-25,25261
2020-09-26,25266
2020-09-27,25283
2020-09-28,25296
2020-09-29,25310
2020-09-30,25319
2020-10-01,25336
2020-10-02,25341
2020-10-03,25353
2020-10-04,25365
2020-10-05,25379
2020-10-06,25391
2020-10-07,25407
2020-10-08,25420
2020-10-09,25426
2020-10-10,25434
2020-10-11,25445
2020-10-12,25459
2020-10-13,25479
2020-10-14,25491
2020-10-15,25503
2020-10-16,25514
2020-10-17,25528
2020-10-18,25535
2020-10-19,25548
2020-10-20,25564
2020-10-21,25571
2020-10-22,25582
2020-10-23,25594
2020-10-24,25610
2020-10-25,25624
2020-10-26,25637
2020-10-27,25652
2020-10-28,25663
2020-10-29,25678
2020-10-30,25688
2020-10-31,25693
2020-11-01,25699
2020-11-02,25716
2020-11-03,25733
2020-11-04,25741
2020-11-05,25754
2020-11-06,25761
2020-11-07,25770
2020-11-08,25778
2020-11-09,25792
2020-11-10,25803
2020-11-11,25812
2020-11-12,25823
2020-11-13,25833
2020-11-14,25837
2020-11-15,25852
2020-11-16,25863
2020-11-17,25885
2020-11-18,25896
2020-11-19,25915
2020-11-20,25933
2020-11-21,25951
2020-11-22,25959
2020-11-23,25974
2020-11-24,25985
2020-11-25,25994
2020-11-26,26004
2020-11-27,26018
2020-11-28,26028
2020-11-29,26039
2020-11-30,26056
2020-12-01,26068
2020-12-02,26087
2020-12-03,26102
2020-12-04,26117
2020-12-05,26128
2020-12-06,26140
2020-12-07,26149
2020-12-08,26164
2020-12-09,26176
2020-12-10,26190
2020-12-11,26197
2020-12-12,26213
2020-12-13,26225
2020-12-14,26245
2020-12-15,26259
2020-12-16,26265
2020-12-17,26286
2020-12-18,26303
2020-12-19,26315
2020-12-20,26325
2020-12-21,26337
2020-12-22,26353
2020-12-23,26365
2020-12-24,26377
2020-12-25,26387
2020-12-26,26404
2020-12-27,26421
2020-12-28,26432
2020-12-29,26448
2020-12-30,26457
2020-12-31,26467
2021-01-01,26477
2021-01-02,26486
2021-01-03,26499
2021-01-04,26513
2021-01-05,26526
2021-01-06,26540
2021-01-07,26558
2021-01-08,26573
2021-01-09,26584
2021-01-10,26595
2021-01-11,26623
2021-01-12,26641
2021-01-13,26656
2021-01-14,26666
2021-01-15,26677
2021-01-16,26689
2021-01-17,26700
2021-01-18,26716
2021-01-19,26731
2021-01-20,26752
2021-01-21,26773
2021-01-22,26793
2021-01-23,26809
2021-01-24,26823
2021-01-25,26841
2021-01-26,26856
2021-01-27,26878
2021-01-28,26892
2021-01-29,26905
2021-01-30,26919
2021-01-31,26931
2021-02-01,26946
2021-02-02,26961
2021-02-03,26981
2021-02-04,26990
2021-02-05,27011
2021-02-06,27023
2021-02-07,27033
2021-02-08,27048
2021-02-09,27064
2021-02-10,27077
2021-02-11,27089
2021-02-12,27105
2021-02-13,27118
2021-02-14,27126
2021-02-15,27143
2021-02-16,27151
2021-02-17,27155
2021-02-18,27161
2021-02-19,27170
2021-02-20,27184
2021-02-21,27201
2021-02-22,27216
2021-02-23,27229
2021-02-24,27240
2021-02-25,27248
2021-02-26,27259
2021-02-27,27265
2021-02-28,27274
2021-03-01,27281
2021-03-02,27294
2021-03-03,27302
2021-03-04,27310
2021-03-05,27326
2021-03-06,27339
2021-03-07,27351
2021-03-08,27364
2021-03-09,27373
2021-03-10,27388
2021-03-11,27398
2021-03-12,27412
2021-03-13,27413
2021-03-14,27419
2021-03-15,27429
2021-03-16,27448
2021-03-17,27460
2021-03-18,27468
2021-03-19,27483
2021-03-20,27494
2021-03-21,27503
2021-03-22,27521
2021-03-23,27613
2021-03-24,27692
2021-03-25,27711
2021-03-26,27726
2021-03-27,27735
2021-03-28,27745
2021-03-29,27755
2021-03-30,27768
2021-03-31,27779
2021-04-01,27794
2021-04-02,27808
2021-04-03,27816
2021-04-04,27825
2021-04-05,27833
2021-04-06,27850
2021-04-07,27862
2021-04-08,27877
2021-04-09,27888
2021-04-10,27898
2021-04-11,27909
2021-04-12,27917
2021-04-13,27931
2021-04-14,27943
2021-04-15,27957
2021-04-16,27971
2021-04-17,27979
2021-04-18,27993
2021-04-19,28005
2021-04-20,28012
2021-04-21,28028
2021-04-22,28048
2021-04-23,28063
2021-04-24,28072
2021-04-25,28082
2021-04-26,28090
2021-04-27,28096
2021-04-28,28109
2021-04-29,28122
2021-04-30,28135
2021-05-01,28146
2021-05-02,28153
2021-05-03,28165
2021-05-04,28179
2021-05-05,28185
2021-05-06,28202
2021-05-07,28208
2021-05-08,28220
2021-05-09,28235
2021-05-10,28247
2021-05-11,28258
2021-05-12,28273
2021-05-13,28285
2021-05-14,28297
2021-05-15,28311
2021-05-16,28316
2021-05-17,28324
2021-05-18,28339
2021-05-19,28354
2021-05-20,28375
2021-05-21,28385
2021-05-22,28394
2021-05-23,28410
2021-05-24,28422
2021-05-25,28431
2021-05-26,28446
2021-05-27,28458
2021-05-28,28467
2021-05-29,28477
2021-05-30,28489
2021-05-31,28501
2021-06-01,28514
2021-06-02,28523
2021-06-03,28535
2021-06-04,28545
2021-06-05,28550
2021-06-06,28560
2021-06-07,28571
2021-06-08,28583
2021-06-09,28591
2021-06-10,28599
2021-06-11,28606
2021-06-12,28613
2021-06-13,28630
2021-06-14,28640
2021-06-15,28650
2021-06-16,28660
2021-06-17,28676
2021-06-18,28689
2021-06-19,28696
2021-06-20,28705
2021-06-21,28716
2021-06-22,28724
2021-06-23,28739
2021-06-24,28753
2021-06-25,28768
2021-06-26,28776
2021-06-27,28787
2021-06-28,28804
2021-06-29,28819
2021-06-30,28829
2021-07-01,28843
2021-07-02,28851
2021-07-03,28857
2021-07-04,28862
2021-07-05,28875
2021-07-06,28884
2021-07-07,28894
2021-07-08,28905
2021-07-09,28915
2021-07-10,28922
2021-07-11,28929
2021-07-12,28944
2021-07-13,28958
2021-07-14,28967
2021-07-15,28987
2021-07-16,28995
2021-07-17,29000
2021-07-18,29014
2021-07-19,29020
2021-07-20,29036
2021-07-21,29043
2021-07-22,29049
2021-07-23,29058
2021-07-24,29068
2021-07-25,29081
2021-07-26,29088
2021-07-27,29104
2021-07-28,29119
2021-07-29,29130
2021-07-30,29143
2021-07-31,29157
2021-08-01,29167
2021-08-02,29175
2021-08-03,29185
2021-08-04,29201
2021-08-05,29214
2021-08-06,29224
2021-08-07,29229
2021-08-08,29240
2021-08-09,29253
2021-08-10,29263
2021-08-11,29271
2021-08-12,29284
2021-08-13,29291
2021-08-14,29301
2021-08-15,29316
2021-08-16,29324
2021-08-17,29332
2021-08-18,29343
2021-08-19,29363
2021-08-20,29381
2021-08-21,29393
2021-08-22,29405
2021-08-23,29411
2021-08-24,29428
2021-08-25,29445
2021-08-26,29459
2021-08-27,29474
2021-08-28,29480
2021-08-29,29485
2021-08-30,29500
2021-08-31,29514
2021-09-01,29528
2021-09-02,29540
2021-09-03,29555
2021-09-04,29560
2021-09-05,29572
2021-09-06,29584
2021-09-07,29587
2021-09-08,29602
2021-09-09,29606
2021-09-10,29619
2021-09-11,29633
2021-09-12,29636
2021-09-13,29644
2021-09-14,29650
2021-09-15,29656
2021-09-16,29672
2021-09-17,29685
2021-09-18,29692
2021-09-19,29695
2021-09-20,29704
2021-09-21,29715
2021-09-22,29724
2021-09-23,29729
2021-09-24,29737
2021-09-25,29744
2021-09-26,29757
2021-09-27,29767
2021-09-28,29784
2021-09-29,29796
2021-09-30,29808
2021-10-01,29813
2021-10-02,29822
2021-10-03,29833
2021-10-04,29844
2021-10-05,29854
2021-10-06,29870
2021-10-07,29881
2021-10-08,29894
2021-10-09,29903
2021-10-10,29913
2021-10-11,29922
2021-10-12,29932
2021-10-13,29944
2021-10-14,29952
2021-10-15,29965
2021-10-16,29974
2021-10-17,29987
2021-10-18,30001
2021-10-19,30011
2021-10-20,30026
2021-10-21,30037
2021-10-22,30045
2021-10-23,30051
2021-10-24,30059
2021-10-25,30065
2021-10-26,30080
2021-10-27,30090
2021-10-28,30103
2021-10-29,30113
2021-10-30,30135
2021-10-31,30153
2021-11-01,30172
2021-11-02,30182
2021-11-03,30194
2021-11-04,30203
2021-11-05,30211
2021-11-06,30218
2021-11-07,30224
2021-11-08,30234
2021-11-09,30250
2021-11-10,30256
2021-11-11,30270
2021-11-12,30287
2021-11-13,30293
2021-11-14,30299
2021-11-15,30318
2021-11-16,30331
2021-11-17,30342
2021-11-18,30359
2021-11-19,30364
2021-11-20,30372
2021-11-21,30385
2021-11-22,30397
2021-11-23,30408
2021-11-24,30421
2021-11-25,30431
2021-11-26,30438
2021-11-27,30445
2021-11-28,30459
2021-11-29,30471
2021-11-30,30475
2021-12-01,30486
2021-12-02,30496
2021-12-03,30506
2021-12-04,30516
2021-12-05,30536
2021-12-06,30548
2021-12-07,30563
2021-12-08,30573
2021-12-09,30580
2021-12-10,30591
2021-12-11,30602
2021-12-12,30615
2021-12-13,30623
2021-12-14,30635
2021-12-15,30641
2021-12-16,30649
2021-12-17,30661
2021-12-18,30669
2021-12-19,30678
2021-12-20,30692
2021-12-21,30708
2021-12-22,30724
2021-12-23,30738
2021-12-24,30747
2021-12-25,30755
2021-12-26,30763
2021-12-27,30772
2021-12-28,30782
2021-12-29,30792
2021-12-30,30806
2021-12-31,30814
2022-01-01,30820
2022-01-02,30831
2022-01-03,30846
2022-01-04,30858
2022-01-05,30873
2022-01-06,30881
2022-01-07,30903
2022-01-08,30914
2022-01-09,30929
2022-01-10,30938
2022-01-11,30947
2022-01-12,30956
2022-01-13,30974
2022-01-14,30988
2022-01-15,31003
2022-01-16,31013
2022-01-17,31023
2022-01-18,31039
2022-01-19,31057
2022-01-20,31076
2022-01-21,31092
2022-01-22,31102
2022-01-23,31116
2022-01-24,31127
2022-01-25,31143
2022-01-26,31159
2022-01-27,31173
2022-01-28,31182
2022-01-29,31192
2022-01-30,31202
2022-01-31,31213
2022-02-01,31222
2022-02-02,31231
2022-02-03,31244
2022-02-04,31259
2022-02-05,31273
2022-02-06,31287
2022-02-07,31309
2022-02-08,31325
2022-02-09,31342
2022-02-10,31362
2022-02-11,31372
2022-02-12,31385
2022-02-13,31407
2022-02-14,31423
2022-02-15,31445
2022-02-16,31459
2022-02-17,31469
2022-02-18,31481
2022-02-19,31488
2022-02-20,31501
2022-02-21,31518
2022-02-22,31534
2022-02-23,31547
2022-02-24,31557
2022-02-25,31567
2022-02-26,31572
2022-02-27,31582
2022-02-28,31593
2022-03-01,31605
2022-03-02,31616
2022-03-03,31633
2022-03-04,31647
2022-03-05,31655
2022-03-06,31659
2022-03-07,31663
2022-03-08,31674
2022-03-09,31681
2022-03-10,31700
2022-03-11,31715
2022-03-12,31724
2022-03-13,31734
2022-03-14,31745
2022-03-15,31756
2022-03-16,31763
2022-03-17,31771
2022-03-18,31783
2022-03-19,31792
2022-03-20,31800
2022-03-21,31813
2022-03-22,31830
2022-03-23,31844
2022-03-24,31861
2022-03-25,31873
2022-03-26,31880
2022-03-27,31894
2022-03-28,31899
2022-03-29,31911
2022-03-30,31931
2022-03-31,31942
2022-04-01,31967
2022-04-02,31997
2022-04-03,32010
2022-04-04,32036
2022-04-05,32043
2022-04-06,32063
2022-04-07,32080
2022-04-08,32092
2022-04-09,32105
2022-04-10,32114
2022-04-11,32120
2022-04-12,32134
2022-04-13,32149
2022-04-14,32157
2022-04-15,32171
2022-04-16,32179
2022-04-17,32188
2022-04-18,32193
2022-04-19,32205
2022-04-20,32219
2022-04-21,32232
2022-04-22,32246
2022-04-23,32264
2022-04-24,32275
2022-04-25,32292
2022-04-26,32323
2022-04-27,32427
2022-04-28,32490
2022-04-29,32503
2022-04-30,32511
2022-05-01,32518
2022-05-02,32528
2022-05-03,32544
2022-05-04,32556
2022-05-05,32570
2022-05-06,32573
2022-05-07,32588
2022-05-08,32602
2022-05-09,32616
2022-05-10,32626
2022-05-11,32631
2022-05-12,32641
2022-05-13,32658
2022-05-14,32665
2022-05-15,32674
2022-05-16,32686
2022-05-17,32692
2022-05-18,32702
2022-05-19,32718
2022-05-20,32725
2022-05-21,32731
2022-05-22,32750
2022-05-23,32760
2022-05-24,32774
2022-05-25,32790
2022-05-26,32808
2022-05-27,32820
2022-05-28,32831
2022-05-29,32840
2022-05-30,32850
2022-05-31,32857
2022-06-01,32864
2022-06-02,32874
2022-06-03,32883
2022-06-04,32895
2022-06-05,32905
2022-06-06,32914
2022-06-07,32921
2022-06-08,32935
2022-06-09,32942
2022-06-10,32953
2022-06-11,32958
2022-06-12,32965
2022-06-13,32975
2022-06-14,32981
2022-06-15,32996
2022-06-16,33007
2022-06-17,33022
2022-06-18,33034
2022-06-19,33049
2022-06-20,33064
2022-06-21,33077
2022-06-22,33094
2022-06-23,33108
2022-06-24,33128
2022-06-25,33131
2022-06-26,33144
2022-06-27,33154
2022-06-28,33168
2022-06-29,33174
2022-06-30,33182
2022-07-01,33194
2022-07-02,33203
2022-07-03,33209
2022-07-04,33219
2022-07-05,33230
2022-07-06,33244
2022-07-07,33259
2022-07-08,33274
2022-07-09,33284
2022-07-10,33292
2022-07-11,33304
2022-07-12,33318
2022-07-13,33331
2022-07-14,33342
2022-07-15,33352
2022-07-16,33360
2022-07-17,33365
2022-07-18,33378
2022-07-19,33392
2022-07-20,33400
2022-07-21,33413
2022-07-22,33423
2022-07-23,33437
2022-07-24,33453
2022-07-25,33470
2022-07-26,33484
2022-07-27,33489
2022-07-28,33509
2022-07-29,33519
2022-07-30,33523
2022-07-31,33527
2022-08-01,33531
2022-08-02,33541
2022-08-03,33557
2022-08-04,33575
2022-08-05,33591
2022-08-06,33601
2022-08-07,33603
2022-08-08,33616
2022-08-09,33626
2022-08-10,33637
2022-08-11,33647
2022-08-12,33662
2022-08-13,33673
2022-08-14,33688
2022-08-15,33705
2022-08-16,33719
2022-08-17,33744
2022-08-18,33757
2022-08-19,33773
2022-08-20,33785
2022-08-21,33798
2022-08-22,33808
2022-08-23,33814
2022-08-24,33825
2022-08-25,33841
2022-08-26,33851
2022-08-27,33858
2022-08-28,33866
2022-08-29,33872
2022-08-30,33881
2022-08-31,33895
2022-09-01,33912
2022-09-02,33921
2022-09-03,33929
2022-09-04,33943
2022-09-05,33950
2022-09-06,33964
2022-09-07,33969
2022-09-08,33979
2022-09-09,33991
2022-09-10,34003
2022-09-11,34013
2022-09-12,34018
2022-09-13,34027
2022-09-14,34035
2022-09-15,34042
2022-09-16,34056
2022-09-17,34068
2022-09-18,34075
2022-09-19,34091
2022-09-20,34116
2022-09-21,34126
2022-09-22,34146
2022-09-23,34155
2022-09-24,34163
2022-09-25,34167
2022-09-26,34182
2022-09-27,34195
2022-09-28,34210
2022-09-29,34223
2022-09-30,34237
2022-10-01,34248
2022-10-02,34256
2022-10-03,34264
2022-10-04,34277
2022-10-05,34294
2022-10-06,34308
2022-10-07,34320
2022-10-08,34335
2022-10-09,34346
2022-10-10,34355
2022-10-11,34372
2022-10-12,34386
2022-10-13,34403
2022-10-14,34416
2022-10-15,34424
2022-10-16,34434
2022-10-17,34443
2022-10-18,34466
2022-10-19,34482
2022-10-20,34490
2022-10-21,34498
2022-10-22,34507
2022-10-23,34517
2022-10-24,34530
2022-10-25,34546
2022-10-26,34560
2022-10-27,34573
2022-10-28,34580
2022-10-29,34590
2022-10-30,34601
2022-10-31,34617
2022-11-01,34628
2022-11-02,34645
2022-11-03,34668
2022-11-04,34682
2022-11-05,34691
2022-11-06,34698
2022-11-07,34708
2022-11-08,34724
2022-11-09,34733
2022-11-10,34752
2022-11-11,34766
2022-11-12,34777
2022-11-13,34787
2022-11-14,34801
2022-11-15,34815
2022-11-16,34825
2022-11-17,34841
2022-11-18,34852
2022-11-19,34861
2022-11-20,34871
2022-11-21,34880
2022-11-22,34886
2022-11-23,34898
2022-11-24,34907
2022-11-25,34912
2022-11-26,34919
2022-11-27,34930
2022-11-28,34936
2022-11-29,34951
2022-11-30,34959
2022-12-01,34970
2022-12-02,34983
2022-12-03,34996
2022-12-04,35006
2022-12-05,35013
2022-12-06,35024
2022-12-07,35038
2022-12-08,35048
2022-12-09,35056
2022-12-10,35064
2022-12-11,35070
2022-12-12,35078
2022-12-13,35089
2022-12-14,35100
2022-12-15,35114
2022-12-16,35130
2022-12-17,35143
2022-12-18,35153
2022-12-19,35159
2022-12-20,35169
2022-12-21,35183
2022-12-22,35190
2022-12-23,35196
2022-12-24,35205
2022-12-25,35214
2022-12-26,35217
2022-12-27,35227
2022-12-28,35238
2022-12-29,35247
2022-12-30,35253
2022-12-31,35259
2023-01-01,35266
2023-01-02,35272
2023-01-03,35283
2023-01-04,35292
2023-01-05,35304
2023-01-06,35319
2023-01-07,35327
2023-01-08,35335
2023-01-09,35345
2023-01-10,35368
2023-01-11,35382
2023-01-12,35392
2023-01-13,35403
2023-01-14,35413
2023-01-15,35425
2023-01-16,35435
2023-01-17,35438
2023-01-18,35451
2023-01-19,35462
2023-01-20,35474
2023-01-21,35483
2023-01-22,35495
2023-01-23,35507
2023-01-24,35512
2023-01-25,35526
2023-01-26,35548
2023-01-27,35568
2023-01-28,35580
2023-01-29,35590
2023-01-30,35600
2023-01-31,35613
2023-02-01,35623
2023-02-02,35639
2023-02-03,35657
2023-02-04,35669
2023-02-05,35682
2023-02-06,35690
2023-02-07,35700
2023-02-08,35719
2023-02-09,35732
2023-02-10,35743
2023-02-11,35754
2023-02-12,35764
2023-02-13,35774
2023-02-14,35787
2023-02-15,35798
2023-02-16,35812
2023-02-17,35822
2023-02-18,35830
2023-02-19,35836
2023-02-20,35852
2023-02-21,35864
2023-02-22,35874
2023-02-23,35887
2023-02-24,35897
2023-02-25,35908
2023-02-26,35923
2023-02-27,35933
2023-02-28,35956
2023-03-01,35967
2023-03-02,35990
2023-03-03,36005
2023-03-04,36020
2023-03-05,36032
2023-03-06,36057
2023-03-07,36077
2023-03-08,36087
2023-03-09,36109
2023-03-10,36125
2023-03-11,36140
2023-03-12,36150
2023-03-13,36171
2023-03-14,36185
2023-03-15,36200
2023-03-16,36212
2023-03-17,36227
2023-03-18,36237
2023-03-19,36246
2023-03-20,36260
2023-03-21,36280
2023-03-22,36303
2023-03-23,36324
2023-03-24,36344
2023-03-25,36355
2023-03-26,36360
2023-03-27,36375
2023-03-28,36391
2023-03-29,36404
2023-03-30,36415
2023-03-31,36432
2023-04-01,36444
2023-04-02,36453
2023-04-03,36520
2023-04-04,36581
2023-04-05,36693
2023-04-06,36791
2023-04-07,36813
2023-04-08,36824
2023-04-09,36840
2023-04-10,36856
2023-04-11,36870
2023-04-12,36900
2023-04-13,36910
2023-04-14,36924
2023-04-15,36934
2023-04-16,36944
2023-04-17,36966
2023-04-18,36979
2023-04-19,36994
2023-04-20,37012
2023-04-21,37021
2023-04-22,37036
2023-04-23,37044
2023-04-24,37054
2023-04-25,37067
2023-04-26,37082
2023-04-27,37105
2023-04-28,37119
2023-04-29,37136
2023-04-30,37148
2023-05-01,37160
2023-05-02,37171
2023-05-03,37178
2023-05-04,37194
2023-05-05,37206
2023-05-06,37229
2023-05-07,37240
2023-05-08,37258
2023-05-09,37281
2023-05-10,37296
2023-05-11,37310
2023-05-12,37323
2023-05-13,37329
2023-05-14,37341
2023-05-15,37348
2023-05-16,37366
2023-05-17,37377
2023-05-18,37388
2023-05-19,37407
2023-05-20,37420
2023-05-21,37427
2023-05-22,37436
2023-05-23,37454
2023-05-24,37466
2023-05-25,37480
2023-05-26,37496
2023-05-27,37510
2023-05-28,37519
2023-05-29,37531
2023-05-30,37545
2023-05-31,37563
2023-06-01,37574
2023-06-02,37585
2023-06-03,37592
2023-06-04,37599
2023-06-05,37612
2023-06-06,37626
2023-06-07,37634
2023-06-08,37645
2023-06-09,37667
2023-06-10,37680
2023-06-11,37687
2023-06-12,37704
2023-06-13,37709
2023-06-14,37718
2023-06-15,37728
2023-06-16,37740
2023-06-17,37751
2023-06-18,37755
2023-06-19,37766
2023-06-20,37778
2023-06-21,37799
2023-06-22,37804
2023-06-23,37818
2023-06-24,37831
2023-06-25,37840
2023-06-26,37857
2023-06-27,37867
2023-06-28,37885
2023-06-29,37894
2023-06-30,37905
2023-07-01,37912
2023-07-02,37919
2023-07-03,37936
2023-07-04,37948
2023-07-05,37958
2023-07-06,37964
2023-07-07,37970
2023-07-08,37981
2023-07-09,37988
2023-07-10,38000
2023-07-11,38008
2023-07-12,38019
2023-07-13,38034
2023-07-14,38043
2023-07-15,38051
2023-07-16,38063
2023-07-17,38074
2023-07-18,38090
2023-07-19,38107
2023-07-20,38118
2023-07-21,38124
2023-07-22,38134
2023-07-23,38141
2023-07-24,38156
2023-07-25,38179
2023-07-26,38186
2023-07-27,38198
2023-07-28,38207
2023-07-29,38216
2023-07-30,38236
2023-07-31,38250
2023-08-01,38267
2023-08-02,38277
2023-08-03,38292
2023-08-04,38302
2023-08-05,38311
2023-08-06,38320
2023-08-07,38331
2023-08-08,38349
2023-08-09,38357
2023-08-10,38370
2023-08-11,38384
2023-08-12,38393
2023-08-13,38405
2023-08-14,38416
2023-08-15,38425
2023-08-16,38435
2023-08-17,38451
2023-08-18,38467
2023-08-19,38487
2023-08-20,38512
2023-08-21,38535
2023-08-22,38550
2023-08-23,38567
2023-08-24,38579
2023-08-25,38594
2023-08-26,38607
2023-08-27,38617
2023-08-28,38628
2023-08-29,38646
2023-08-30,38662
2023-08-31,38670
2023-09-01,38686
2023-09-02,38694
2023-09-03,38705
2023-09-04,38714
2023-09-05,38731
2023-09-06,38747
2023-09-07,38759
2023-09-08,38764
2023-09-09,38767
2023-09-10,38774
2023-09-11,38782
2023-09-12,38794
2023-09-13,38815
2023-09-14,38835
2023-09-15,38845
2023-09-16,38855
2023-09-17,38865
2023-09-18,38877
2023-09-19,38890
2023-09-20,38897
2023-09-21,38906
2023-09-22,38915
2023-09-23,38929
2023-09-24,38937
2023-09-25,38944
2023-09-26,38954
2023-09-27,38970
2023-09-28,38987
2023-09-29,38997
2023-09-30,39009
2023-10-01,39019
2023-10-02,39038
2023-10-03,39050
2023-10-04,39059
2023-10-05,39074
2023-10-06,39084
2023-10-07,39095
2023-10-08,39102
2023-10-09,39113
2023-10-10,39126
2023-10-11,39139
2023-10-12,39153
2023-10-13,39167
2023-10-14,39177
2023-10-15,39185
2023-10-16,39199
2023-10-17,39213
2023-10-18,39226
2023-10-19,39237
2023-10-20,39249
2023-10-21,39253
2023-10-22,39259
2023-10-23,39275
2023-10-24,39287
2023-10-25,39300
2023-10-26,39316
2023-10-27,39325
2023-10-28,39340
2023-10-29,39348
2023-10-30,39353
2023-10-31,39361
2023-11-01,39373
2023-11-02,39384
2023-11-03,39396
2023-11-04,39404
2023-11-05,39414
2023-11-06,39422
2023-11-07,39433
2023-11-08,39451
2023-11-09,39461
2023-11-10,39468
2023-11-11,39478
2023-11-12,39494
2023-11-13,39509
2023-11-14,39520
2023-11-15,39532
2023-11-16,39544
2023-11-17,39558
2023-11-18,39567
2023-11-19,39579
2023-11-20,39588
2023-11-21,39600
2023-11-22,39615
2023-11-23,39624
2023-11-24,39633
2023-11-25,39645
2023-11-26,39654
2023-11-27,39661
2023-11-28,39676
2023-11-29,39686
2023-11-30,39698
2023-12-01,39702
2023-12-02,39708
2023-12-03,39717
2023-12-04,39730
2023-12-05,39741
2023-12-06,39750
2023-12-07,39762
2023-12-08,39774
2023-12-09,39785
2023-12-10,39797
2023-12-11,39806
2023-12-12,39812
2023-12-13,39823
2023-12-14,39837
2023-12-15,39848
2023-12-16,39857
2023-12-17,39871
2023-12-18,39882
2023-12-19,39895
2023-12-20,39907
2023-12-21,39917
2023-12-22,39926
2023-12-23,39939
2023-12-24,39948
2023-12-25,39959
2023-12-26,39968
2023-12-27,39975
2023-12-28,39989
2023-12-29,40004
2023-12-30,40013
2023-12-31,40021
2024-01-01,40031
2024-01-02,40044
2024-01-03,40058
2024-01-04,40067
2024-01-05,40074
2024-01-06,40082
2024-01-07,40097
2024-01-08,40111
2024-01-09,40126
2024-01-10,40138
2024-01-11,40159
2024-01-12,40167
2024-01-13,40175
2024-01-14,40183
2024-01-15,40194
2024-01-16,40205
2024-01-17,40211
2024-01-18,40219
2024-01-19,40227
2024-01-20,40237
2024-01-21,40246
2024-01-22,40256
2024-01-23,40268
2024-01-24,40285
2024-01-25,40302
2024-01-26,40306
2024-01-27,40315
2024-01-28,40323
2024-01-29,40335
2024-01-30,40345
2024-01-31,40362
2024-02-01,40376
2024-02-02,40392
2024-02-03,40402
2024-02-04,40424
2024-02-05,40433
2024-02-06,40443
2024-02-07,40453
2024-02-08,40462
2024-02-09,40479
2024-02-10,40484
2024-02-11,40491
2024-02-12,40497
2024-02-13,40509
2024-02-14,40524
2024-02-15,40531
2024-02-16,40538
2024-02-17,40552
2024-02-18,40567
2024-02-19,40578
2024-02-20,40594
2024-02-21,40610
2024-02-22,40627
2024-02-23,40647
2024-02-24,40659
2024-02-25,40669
2024-02-26,40684
2024-02-27,40696
2024-02-28,40705
2024-02-29,40722
2024-03-01,40734
2024-03-02,40749
2024-03-03,40754
2024-03-04,40763
2024-03-05,40773
2024-03-06,40788
2024-03-07,40801
2024-03-08,40819
2024-03-09,40830
2024-03-10,40842
2024-03-11,40856
2024-03-12,40871
2024-03-13,40891
2024-03-14,40904
2024-03-15,40909
2024-03-16,40918
2024-03-17,40928
2024-03-18,40950
2024-03-19,40973
2024-03-20,40992
2024-03-21,41013
2024-03-22,41024
2024-03-23,41034
2024-03-24,41045
2024-03-25,41054
2024-03-26,41066
2024-03-27,41081
2024-03-28,41091
2024-03-29,41100
2024-03-30,41107
2024-03-31,41115
2024-04-01,41122
2024-04-02,41138
2024-04-03,41151
2024-04-04,41162
2024-04-05,41170
2024-04-06,41185
2024-04-07,41193
2024-04-08,41201
2024-04-09,41216
2024-04-10,41230
2024-04-11,41245
2024-04-12,41254
2024-04-13,41260
2024-04-14,41270
2024-04-15,41279
2024-04-16,41291
2024-04-17,41297
2024-04-18,41306
2024-04-19,41319
2024-04-20,41329
2024-04-21,41337
2024-04-22,41347
2024-04-23,41355
2024-04-24,41365
2024-04-25,41380
2024-04-26,41391
2024-04-27,41398
2024-04-28,41403
2024-04-29,41415
2024-04-30,41421
2024-05-01,41431
2024-05-02,41439
2024-05-03,41449
2024-05-04,41461
2024-05-05,41471
2024-05-06,41479
2024-05-07,41485
2024-05-08,41500
2024-05-09,41512
2024-05-10,41519
2024-05-11,41532
2024-05-12,41542
2024-05-13,41551
2024-05-14,41563
2024-05-15,41573
2024-05-16,41582
2024-05-17,41598
2024-05-18,41604
2024-05-19,41611
2024-05-20,41622
2024-05-21,41632
2024-05-22,41644
2024-05-23,41654
2024-05-24,41661
2024-05-25,41669
2024-05-26,41673
2024-05-27,41683
2024-05-28,41697
2024-05-29,41705
2024-05-30,41716
2024-05-31,41722
2024-06-01,41732
2024-06-02,41737
2024-06-03,41747
2024-06-04,41756
2024-06-05,41773
2024-06-06,41785
2024-06-07,41797
2024-06-08,41804
2024-06-09,41811
2024-06-10,41821
2024-06-11,41831
2024-06-12,41846
2024-06-13,41859
2024-06-14,41872
2024-06-15,41882
2024-06-16,41888
2024-06-17,41902
2024-06-18,41913
2024-06-19,41925
2024-06-20,41941
2024-06-21,41956
2024-06-22,41967
2024-06-23,41973
2024-06-24,41980
2024-06-25,41997
2024-06-26,42011
2024-06-27,42024
2024-06-28,42032
2024-06-29,42039
2024-06-30,42045
2024-07-01,42062
2024-07-02,42072
2024-07-03,42082
2024-07-04,42094
2024-07-05,42106
2024-07-06,42114
2024-07-07,42126
2024-07-08,42136
2024-07-09,42146
2024-07-10,42162
2024-07-11,42172
2024-07-12,42183
2024-07-13,42189
2024-07-14,42201
2024-07-15,42211
2024-07-16,42220
2024-07-17,42233
2024-07-18,42246
2024-07-19,42255
2024-07-20,42264
2024-07-21,42269
2024-07-22,42280
2024-07-23,42288
2024-07-24,42308
2024-07-25,42318
2024-07-26,42327
2024-07-27,42337
2024-07-28,42341
2024-07-29,42356
2024-07-30,42365
2024-07-31,42373
2024-08-01,42382
2024-08-02,42391
2024-08-03,42394
2024-08-04,42399
2024-08-05,42410
2024-08-06,42431
2024-08-07,42443
2024-08-08,42458
2024-08-09,42469
2024-08-10,42477
2024-08-11,42484
2024-08-12,42496
2024-08-13,42506
2024-08-14,42514
2024-08-15,42528
2024-08-16,42539
2024-08-17,42544
2024-08-18,42546
2024-08-19,42554
2024-08-20,42559
2024-08-21,42570
2024-08-22,42578
2024-08-23,42583
2024-08-24,42589
2024-08-25,42606
2024-08-26,42618
2024-08-27,42627
2024-08-28,42648
2024-08-29,42659
2024-08-30,42668
2024-08-31,42674
2024-09-01,42684
2024-09-02,42690
2024-09-03,42706
2024-09-04,42715
2024-09-05,42730
2024-09-06,42737
2024-09-07,42745
2024-09-08,42751
2024-09-09,42766
2024-09-10,42782
2024-09-11,42791
2024-09-12,42805
2024-09-13,42811
2024-09-14,42818
2024-09-15,42828
2024-09-16,42836
2024-09-17,42843
2024-09-18,42855
2024-09-19,42872
2024-09-20,42881
2024-09-21,42896
2024-09-22,42900
2024-09-23,42916
2024-09-24,42927
2024-09-25,42935
2024-09-26,42945
2024-09-27,42957
2024-09-28,42969
2024-09-29,42982
2024-09-30,42992
2024-10-01,43000
2024-10-02,43007
2024-10-03,43015
2024-10-04,43021
2024-10-05,43029
2024-10-06,43033
2024-10-07,43036
2024-10-08,43050
2024-10-09,43065
2024-10-10,43085
2024-10-11,43095
2024-10-12,43103
2024-10-13,43115
2024-10-14,43129
2024-10-15,43143
2024-10-16,43152
2024-10-17,43160
2024-10-18,43170
2024-10-19,43176
2024-10-20,43186
2024-10-21,43199
2024-10-22,43209
2024-10-23,43219
2024-10-24,43224
2024-10-25,43234
2024-10-26,43243
2024-10-27,43245
2024-10-28,43254
2024-10-29,43266
2024-10-30,43277
2024-10-31,43288
2024-11-01,43307
2024-11-02,43317
2024-11-03,43325
2024-11-04,43331
2024-11-05,43343
2024-11-06,43354
2024-11-07,43360
2024-11-08,43373
2024-11-09,43381
2024-11-10,43392
2024-11-11,43401
2024-11-12,43415
2024-11-13,43429
2024-11-14,43444
2024-11-15,43455
2024-11-16,43467
2024-11-17,43472
2024-11-18,43484
2024-11-19,43494
2024-11-20,43502
2024-11-21,43510
2024-11-22,43520
2024-11-23,43536
2024-11-24,43544
2024-11-25,43554
2024-11-26,43564
2024-11-27,43580
2024-11-28,43590
2024-11-29,43599
2024-11-30,43604
2024-12-01,43609
2024-12-02,43620
2024-12-03,43635
2024-12-04,43646
2024-12-05,43663
2024-12-06,43673
2024-12-07,43683
2024-12-08,43690
2024-12-09,43700
2024-12-10,43707
2024-12-11,43714
2024-12-12,43726
2024-12-13,43733
2024-12-14,43738
2024-12-15,43747
2024-12-16,43758
2024-12-17,43772
2024-12-18,43778
2024-12-19,43785
2024-12-20,43792
2024-12-21,43803
2024-12-22,43807
2024-12-23,43810
2024-12-24,43817
2024-12-25,43831
2024-12-26,43838
2024-12-27,43846
2024-12-28,43850
2024-12-29,43859
2024-12-30,43865
2024-12-31,43875
2025-01-01,43881
2025-01-02,43892
2025-01-03,43905
2025-01-04,43913
2025-01-05,43923
2025-01-06,43936
2025-01-07,43951
2025-01-08,43958
2025-01-09,43971
2025-01-10,43978
2025-01-11,43990
2025-01-12,43994
2025-01-13,44019
2025-01-14,44037
2025-01-15,44046
2025-01-16,44056
2025-01-17,44066
2025-01-18,44074
2025-01-19,44085
2025-01-20,44091
2025-01-21,44096
2025-01-22,44105
2025-01-23,44112
2025-01-24,44126
2025-01-25,44131
2025-01-26,44141
2025-01-27,44152
2025-01-28,44164
2025-01-29,44171
2025-01-30,44181
2025-01-31,44190
2025-02-01,44200
2025-02-02,44215
2025-02-03,44222
2025-02-04,44230
2025-02-05,44239
2025-02-06,44246
2025-02-07,44255
2025-02-08,44258
2025-02-09,44269
2025-02-10,44272
2025-02-11,44281
2025-02-12,44294
2025-02-13,44308
2025-02-14,44323
2025-02-15,44345
2025-02-16,44359
2025-02-17,44377
2025-02-18,44388
2025-02-19,44395
2025-02-20,44407
2025-02-21,44421
2025-02-22,44434
2025-02-23,44443
2025-02-24,44451
2025-02-25,44458
2025-02-26,44471
2025-02-27,44485
2025-02-28,44497
2025-03-01,44513
2025-03-02,44522
2025-03-03,44536
2025-03-04,44546
2025-03-05,44560
2025-03-06,44569
2025-03-07,44577
2025-03-08,44585
2025-03-09,44597
2025-03-10,44610
2025-03-11,44624
2025-03-12,44632
2025-03-13,44643
2025-03-14,44654
2025-03-15,44672
2025-03-16,44684
2025-03-17,44700
2025-03-18,44712
2025-03-19,44726
2025-03-20,44746
2025-03-21,44754
2025-03-22,44761
2025-03-23,44770
2025-03-24,44781
2025-03-25,44793
2025-03-26,44799
2025-03-27,44808
2025-03-28,44818
2025-03-29,44830
2025-03-30,44839
2025-03-31,44846
2025-04-01,44853
2025-04-02,44860
2025-04-03,44871
2025-04-04,44880
2025-04-05,44889
2025-04-06,44897
2025-04-07,44901
2025-04-08,44910
2025-04-09,44917
2025-04-10,44932
2025-04-11,44941
2025-04-12,44950
2025-04-13,44964
2025-04-14,44983
2025-04-15,45003
2025-04-16,45019
2025-04-17,45032
2025-04-18,45042
2025-04-19,45054
2025-04-20,45060
2025-04-21,45072
2025-04-22,45084
2025-04-23,45098
2025-04-24,45108
2025-04-25,45116
2025-04-26,45125
2025-04-27,45134
2025-04-28,45145
2025-04-29,45156
2025-04-30,45166
2025-05-01,45180
2025-05-02,45192
2025-05-03,45201
2025-05-04,45211
2025-05-05,45216
2025-05-06,45227
2025-05-07,45236
2025-05-08,45245
2025-05-09,45255
2025-05-10,45269
2025-05-11,45281
2025-05-12,45286
2025-05-13,45296
2025-05-14,45309
2025-05-15,45315
2025-05-16,45320
2025-05-17,45331
2025-05-18,45340
2025-05-19,45356
2025-05-20,45365
2025-05-21,45381
2025-05-22,45392
2025-05-23,45402
2025-05-24,45413
2025-05-25,45420
2025-05-26,45432
2025-05-27,45438
2025-05-28,45449
2025-05-29,45467
2025-05-30,45480
2025-05-31,45496
2025-06-01,45506
2025-06-02,45514
2025-06-03,45525
2025-06-04,45542
2025-06-05,45555
2025-06-06,45562
2025-06-07,45574
2025-06-08,45581
2025-06-09,45592
2025-06-10,45601
2025-06-11,45608
2025-06-12,45620
2025-06-13,45632
2025-06-14,45639
2025-06-15,45641
2025-06-16,45652
2025-06-17,45666
2025-06-18,45678
2025-06-19,45692
2025-06-20,45694
2025-06-21,45702
2025-06-22,45708
2025-06-23,45722
2025-06-24,45728
2025-06-25,45735
2025-06-26,45747
2025-06-27,45756
2025-06-28,45768
2025-06-29,45777
2025-06-30,45786
2025-07-01,45798
2025-07-02,45809
2025-07-03,45821
2025-07-04,45831
2025-07-05,45839
2025-07-06,45849
2025-07-07,45860
2025-07-08,45879
2025-07-09,45894
2025-07-10,45909
2025-07-11,45928
2025-07-12,45936
2025-07-13,45944
2025-07-14,45962
2025-07-15,45980
2025-07-16,45998
2025-07-17,46013
2025-07-18,46024
2025-07-19,46035
2025-07-20,46043
2025-07-21,46058
2025-07-22,46063
